0,1,2,3,4,5,6,7,8,9,10,11,12,13,14,15,16,17,18,19,20,21,22,23,24,25,26,27,28,29,30,31,32,33,34,35,36,37,38,39,40,41,42,43,44,45,46,47,48,49,50,51,52,53,54,55,56,57,58,59,60,61,62,63
0,0.323484659,0.36691016,0.421951383,0.457535088,0.443799257,0.452824622,0.488181889,0.458571792,0.438810647,0.436091781,0.473007917,0.439332008,0.417948216,0.415040404,0.454980582,0.432169884,0.409366161,0.389093578,0.423371315,0.415199608,0.398509443,0.67083478,0.683856785,0.669278264,0.6297943,0.582819462,0.60084188,0.563199818,0.592114687,0.614615023,0.567464113,0.528114259,0.570930481,0.597064793,0.540147066,0.490003735,0.535913289,0.569133878,0.517256975,0.480445921,0.50956279,0.536047459,-2.77E-07,-0.019481378,-0.028262934,-0.037726309,-0.04390312,-0.003434977,-0.022685472,-0.035390645,-0.040921237,-0.00321736,-0.023735158,-0.031151304,-0.030308181,-0.006822102,-0.02559871,-0.023830289,-0.016676629,-0.012494389,-0.024617979,-0.021276789,-0.014806209
0,0.350469947,0.392592162,0.451906592,0.488090128,0.475615114,0.481848419,0.521687031,0.489338726,0.467389405,0.466463953,0.507889748,0.471284658,0.446586013,0.446715117,0.489787251,0.465178281,0.440411091,0.42234382,0.45702818,0.449042052,0.432516009,0.623728991,0.646400452,0.635638952,0.593271673,0.544010043,0.565614939,0.532099307,0.557645619,0.577126026,0.530319333,0.492643535,0.532567859,0.558249116,0.500130355,0.451549113,0.496385932,0.530221701,0.473558426,0.434779644,0.46249786,0.488793343,-2.95E-07,-0.022797996,-0.032025341,-0.040984064,-0.04655233,-0.007906855,-0.027851414,-0.040310659,-0.045890033,-0.006419829,-0.02922024,-0.037913781,-0.037510123,-0.008816384,-0.030207027,-0.030445827,-0.02408406,-0.013302129,-0.027418984,-0.026029401,-0.020896759
0,0.35842663,0.398418158,0.447428852,0.473306954,0.461632788,0.479196906,0.504878759,0.476521075,0.459888488,0.455795258,0.477818668,0.445553482,0.434592128,0.430494368,0.451634467,0.428382307,0.414646596,0.401517361,0.420045823,0.413175076,0.406143636,0.603350222,0.609449804,0.593480527,0.545562029,0.495981872,0.515977025,0.475288242,0.508192003,0.527466297,0.484266967,0.446726501,0.49808377,0.515296638,0.459864616,0.418379754,0.469417751,0.493557781,0.439939499,0.397247821,0.430829853,0.457344174,-2.94E-07,-0.023277637,-0.035454236,-0.047209132,-0.054463595,-0.009763155,-0.034469355,-0.046578046,-0.050073013,-0.007950193,-0.031936686,-0.035734858,-0.031648479,-0.010698789,-0.033896413,-0.026223429,-0.014075996,-0.015636038,-0.027914578,-0.019674897,-0.008755766
0,0.273407757,0.329011351,0.381294876,0.403444976,0.366335899,0.366883487,0.392145127,0.378005147,0.361617714,0.331703931,0.354979604,0.345330507,0.330535322,0.293365031,0.31167835,0.313049078,0.301106602,0.249765247,0.2699714,0.278661042,0.272305429,0.685241342,0.658073485,0.597154856,0.522042274,0.483421475,0.503706813,0.438564092,0.500528038,0.536639392,0.482932746,0.41553247,0.494751066,0.53007108,0.473726213,0.397310674,0.474152595,0.517947197,0.473679096,0.409802139,0.458402902,0.496734768,-3.37E-07,-0.01930563,-0.028755272,-0.039135244,-0.045895375,-0.006223606,-0.031657774,-0.046411671,-0.051962983,-0.008612269,-0.033974942,-0.040640637,-0.037899971,-0.014754613,-0.03894664,-0.029818637,-0.015939772,-0.022721834,-0.037132766,-0.025474738,-0.011504079
0,0.372875392,0.4276447,0.486167103,0.513415098,0.487891912,0.480840802,0.508465469,0.484551787,0.464553416,0.446047395,0.472710907,0.450718492,0.434056938,0.406330794,0.428116292,0.420427978,0.40837127,0.361786991,0.382395566,0.388394505,0.384202093,0.559311271,0.539652824,0.48415041,0.420373738,0.382486999,0.390304446,0.337175786,0.389631629,0.426282018,0.366807342,0.312638372,0.380901963,0.41774863,0.354813993,0.293095171,0.357702017,0.396118611,0.351239443,0.300970614,0.344339609,0.377129078,-2.80E-07,-0.020275358,-0.029784981,-0.039827298,-0.046074171,-0.004496263,-0.030954184,-0.047553439,-0.053993642,-0.005586786,-0.029917844,-0.035673622,-0.032423683,-0.01122082,-0.03251439,-0.023678163,-0.011119487,-0.019047372,-0.03042781,-0.019016946,-0.006039683
0,0.673056126,0.738971949,0.808650136,0.848611355,0.834608138,0.808181763,0.844496608,0.817528665,0.790487289,0.775699973,0.815231442,0.786262989,0.760713339,0.736293614,0.773231089,0.75524503,0.735640287,0.69070828,0.727762043,0.723718703,0.710860133,0.454449058,0.453988969,0.413648456,0.360126674,0.309457421,0.309275895,0.263506144,0.320014477,0.357512116,0.282508582,0.235872418,0.30698517,0.343250155,0.265406758,0.216669276,0.288032472,0.324313223,0.255966425,0.224561036,0.276184142,0.30639559,-3.28E-07,-0.017418044,-0.025421463,-0.034798257,-0.040858429,-0.003857241,-0.034221102,-0.053586226,-0.060907304,-0.007414343,-0.036444709,-0.045193952,-0.042873293,-0.015326842,-0.042755567,-0.034690402,-0.020656951,-0.024874983,-0.041542191,-0.030413002,-0.016308032
0,0.516344666,0.587424397,0.676202297,0.721601903,0.688312769,0.693448901,0.741262794,0.695048094,0.669753671,0.644607663,0.684042275,0.642082274,0.626626134,0.590669811,0.624631464,0.598239422,0.582695246,0.53308177,0.567304373,0.557536364,0.544322193,0.651127577,0.652740121,0.608227491,0.537235439,0.477950186,0.453260481,0.409980297,0.487833977,0.504504383,0.413944304,0.380418897,0.477502197,0.474475324,0.393240631,0.359906405,0.45395267,0.455092162,0.383264661,0.372375757,0.440632582,0.449370116,-3.97E-07,-0.048406005,-0.073839635,-0.095988736,-0.108772203,-0.024076041,-0.072917357,-0.097471483,-0.10838747,-0.020939324,-0.071348652,-0.08205764,-0.07823021,-0.026717959,-0.075150333,-0.061422262,-0.041264635,-0.036858916,-0.063429125,-0.048506171,-0.030388096
0,0.247307047,0.31041649,0.396260262,0.411684632,0.348419785,0.444562018,0.453104943,0.394220293,0.391064197,0.383887798,0.391771644,0.33553651,0.341818899,0.320407599,0.317672968,0.279390991,0.288637072,0.255065411,0.252940685,0.236425608,0.247056678,0.564856112,0.560186505,0.486593723,0.376363784,0.289463013,0.302735686,0.251796991,0.350294858,0.364633262,0.247320637,0.207315534,0.328381151,0.328922838,0.220079049,0.171676844,0.28760159,0.295459449,0.204652816,0.185009375,0.260533482,0.269369751,-4.01E-07,-0.075054631,-0.109373666,-0.133817285,-0.143962353,-0.042183202,-0.102398776,-0.130786389,-0.144558042,-0.029299803,-0.093467072,-0.101739794,-0.092373013,-0.028938547,-0.089870602,-0.068375796,-0.039872501,-0.035642643,-0.067364626,-0.049285162,-0.026858622
0,0.265314668,0.325812519,0.400809348,0.411156058,0.357061386,0.407860816,0.428146541,0.389072895,0.377928704,0.358007014,0.374039233,0.342016697,0.340388447,0.307784587,0.312207431,0.294242263,0.297556788,0.254219741,0.257638752,0.254696459,0.261025995,0.619488895,0.607267439,0.546251714,0.457681686,0.39937228,0.405497909,0.344204396,0.422998875,0.446919501,0.371333897,0.319469303,0.412516624,0.421196461,0.355279207,0.297244072,0.388165712,0.403003365,0.34847182,0.317129135,0.379886419,0.397240281,-3.89E-07,-0.047020342,-0.070378125,-0.089420244,-0.098732293,-0.028861592,-0.077077851,-0.101318806,-0.112464659,-0.025213053,-0.074146956,-0.083055787,-0.078379072,-0.02982829,-0.074354969,-0.058124125,-0.03733762,-0.039054066,-0.061586928,-0.045254301,-0.026828822
0,0.342381537,0.391723335,0.451525807,0.469533354,0.440350443,0.458479673,0.481576204,0.455621541,0.444625676,0.424568594,0.441987872,0.421137303,0.414103121,0.389412642,0.401067883,0.390132964,0.38640368,0.351696432,0.363353699,0.362549841,0.361653626,0.6313169,0.629815459,0.592958927,0.530827045,0.490497142,0.494372517,0.44786343,0.505006015,0.522373199,0.472114474,0.431384385,0.501839876,0.511019111,0.460944355,0.416017324,0.483504653,0.496489942,0.454125226,0.42502749,0.471408159,0.487065822,-3.30E-07,-0.025324801,-0.03655877,-0.046192233,-0.049574837,-0.010314896,-0.036329597,-0.048925351,-0.054489095,-0.009524635,-0.037878215,-0.043062795,-0.039743736,-0.013267091,-0.039970163,-0.028880557,-0.014688637,-0.019379215,-0.032511573,-0.020285405,-0.006977798
0,0.441656232,0.484859675,0.533999085,0.555884182,0.537814915,0.542178154,0.565485895,0.542125702,0.530795872,0.518958092,0.537439942,0.516307175,0.50919795,0.491702825,0.508970082,0.494328022,0.487361908,0.460577309,0.477755427,0.471858799,0.466288507,0.716308653,0.722086847,0.697739303,0.65393883,0.621350229,0.619235635,0.593171537,0.633889794,0.643412232,0.598395348,0.575449407,0.623840094,0.626537979,0.586417913,0.560994029,0.61007005,0.615468323,0.578501165,0.563853621,0.600471139,0.609070778,-2.77E-07,-0.016052475,-0.022543337,-0.02872698,-0.030748507,-0.00329597,-0.022702696,-0.03249241,-0.037027158,-0.00483433,-0.023823954,-0.026552601,-0.024247309,-0.009982181,-0.029915808,-0.021037575,-0.010595356,-0.016635293,-0.027032062,-0.016913235,-0.006593217
0,0.621595681,0.671206713,0.730459213,0.759902239,0.750328302,0.738086164,0.77229476,0.744950116,0.72715807,0.712302923,0.746614158,0.716232955,0.698782146,0.680703163,0.713357866,0.689563751,0.672091603,0.642639041,0.674982846,0.662913203,0.64719677,0.787907779,0.80111891,0.786741436,0.747285068,0.703786016,0.690784991,0.683960915,0.729725242,0.738271594,0.663286507,0.655995667,0.712915659,0.714181721,0.644153953,0.636323214,0.692583025,0.692564726,0.629502177,0.632349432,0.67391789,0.675896347,-1.89E-07,-0.019176228,-0.028343188,-0.036699239,-0.041096371,-0.007173543,-0.030027509,-0.041655488,-0.04697416,-0.008458394,-0.031815555,-0.036137808,-0.034206886,-0.013618236,-0.038470566,-0.028858032,-0.017109863,-0.020087747,-0.034558527,-0.023176996,-0.011322068
0,0.730211735,0.79737705,0.874471486,0.917485535,0.904269218,0.877539992,0.920772433,0.888276279,0.857463241,0.847778678,0.890905142,0.853178382,0.823394716,0.811803043,0.852764428,0.823953986,0.798455954,0.768451869,0.807613134,0.796159625,0.778832853,0.61585021,0.632693946,0.609566748,0.556016922,0.505358279,0.503829956,0.464146107,0.514050722,0.542739153,0.472223073,0.432190925,0.497235119,0.525334775,0.44718495,0.401167095,0.46988076,0.501675487,0.425498486,0.395780027,0.444997519,0.471282274,-2.83E-07,-0.021817679,-0.030072179,-0.038938049,-0.043942109,-0.00150483,-0.03231078,-0.050701559,-0.056846477,-0.002575587,-0.033964291,-0.043419015,-0.040308222,-0.00878909,-0.039256491,-0.030530376,-0.014365092,-0.01695741,-0.034043323,-0.022071512,-0.006664983
0,0.646475673,0.73338747,0.853126943,0.919032931,0.889156461,0.891717732,0.95010221,0.889734626,0.849951327,0.850880444,0.906202793,0.839636266,0.798292577,0.801616192,0.854269207,0.805184305,0.770234168,0.745875597,0.793244362,0.769557059,0.7463395,0.592207074,0.626208246,0.609978437,0.535326421,0.462978542,0.47274676,0.420077026,0.482180536,0.51370728,0.410145223,0.359818727,0.448896706,0.484249175,0.362440377,0.304807603,0.394880503,0.430774897,0.324247062,0.294739366,0.360372335,0.390230477,-5.05E-07,-0.036387656,-0.050927538,-0.065175243,-0.071694344,-0.004278618,-0.045397587,-0.070468754,-0.081281275,-0.005655793,-0.052460428,-0.065855943,-0.061120555,-0.014707814,-0.058422402,-0.048028357,-0.027285537,-0.027297603,-0.050988104,-0.036506344,-0.017352475
0,0.401671052,0.474076331,0.581753194,0.615593612,0.553151071,0.61514461,0.660090983,0.596203327,0.579591751,0.566190422,0.604955316,0.544201612,0.535438657,0.511502981,0.542029619,0.499631077,0.492302001,0.452999532,0.483681023,0.462691963,0.45404914,0.660782099,0.673347473,0.627849817,0.526601732,0.46175617,0.465859026,0.400619328,0.485859215,0.514358044,0.403238356,0.3437047,0.448649108,0.465322614,0.362163365,0.29394418,0.396287113,0.415943056,0.331402928,0.298043996,0.367122948,0.386391193,-4.10E-07,-0.062304795,-0.089529984,-0.111040942,-0.118867867,-0.025093075,-0.0770244,-0.100796245,-0.110804312,-0.018142831,-0.075936161,-0.083860964,-0.073738128,-0.022505596,-0.075387627,-0.055907991,-0.028289353,-0.033331905,-0.057926308,-0.038481008,-0.01579099
0,0.296786964,0.35468924,0.4265953,0.446025223,0.402005106,0.437752545,0.454646438,0.422091842,0.411876619,0.396233141,0.408932149,0.381819785,0.377212018,0.353678107,0.359514982,0.344583362,0.344467491,0.308478981,0.31474033,0.311341733,0.314295709,0.747517109,0.747053266,0.700137854,0.620183647,0.575255513,0.574451387,0.517016351,0.58434242,0.607237399,0.542011201,0.489162982,0.571963251,0.589513242,0.523024321,0.461096585,0.544287026,0.56957978,0.511466146,0.472204775,0.529399335,0.554434657,-3.62E-07,-0.037782639,-0.053861078,-0.066775978,-0.071293905,-0.014475131,-0.049588922,-0.067483507,-0.0753536,-0.010706067,-0.049176805,-0.055813357,-0.050061513,-0.013790827,-0.049725696,-0.036134452,-0.017001573,-0.020692812,-0.039550263,-0.026043857,-0.009405183
0,0.383092403,0.436225563,0.490691632,0.511003673,0.481588751,0.480340093,0.500861526,0.483271778,0.470499039,0.448662519,0.466512233,0.452399194,0.440937489,0.414946735,0.42869249,0.422638357,0.413981378,0.377782851,0.393290013,0.395244598,0.390765637,0.75080061,0.74257189,0.69720459,0.636811495,0.606661499,0.604844928,0.556671739,0.612234294,0.639189541,0.588777244,0.543492436,0.611690581,0.634368479,0.581164241,0.531877637,0.598667562,0.624504685,0.579013228,0.543376863,0.588760972,0.61157614,-3.13E-07,-0.017609183,-0.024510721,-0.031348787,-0.033950325,-0.004522971,-0.027976125,-0.040752273,-0.045647997,-0.005735217,-0.030066624,-0.03544319,-0.032371204,-0.010591657,-0.034123603,-0.024970502,-0.01176041,-0.016999872,-0.028946685,-0.017645665,-0.004808326
0,0.457867771,0.509072661,0.561098576,0.582667887,0.562945485,0.556433678,0.579686284,0.561509132,0.545091867,0.529467344,0.550599217,0.53204459,0.517976344,0.499294251,0.517843068,0.506261766,0.494667381,0.464776009,0.484130651,0.48192206,0.475228965,0.696098506,0.696187854,0.66058147,0.611681402,0.582642853,0.578427792,0.540512502,0.58265537,0.608825088,0.560037076,0.523983836,0.579226077,0.604082704,0.549310446,0.510124862,0.565911055,0.592481375,0.543975711,0.515562594,0.554413795,0.576142907,-2.62E-07,-0.012362611,-0.016218232,-0.021007536,-0.023278335,0.000774094,-0.01897971,-0.030896252,-0.035257645,-0.001037504,-0.020645196,-0.025600674,-0.022998277,-0.006042326,-0.025319975,-0.01822645,-0.007167154,-0.012178084,-0.022156307,-0.012611384,-0.001580868
0,0.483393371,0.538448632,0.597165585,0.6241436,0.598371983,0.602432311,0.627912641,0.601827383,0.585334063,0.573186934,0.595010936,0.569633901,0.556222975,0.540306151,0.55858475,0.542698622,0.531792939,0.503635108,0.521302044,0.517351091,0.511693299,0.569934368,0.570210278,0.535611033,0.476876169,0.439731449,0.449402779,0.403455079,0.450378686,0.476964533,0.42388007,0.380203217,0.443149358,0.469243795,0.40789327,0.360782743,0.425284863,0.454820096,0.39845559,0.365007877,0.411053389,0.436752588,-3.00E-07,-0.018941108,-0.026730692,-0.034740582,-0.038405478,-0.000717671,-0.025412781,-0.039109189,-0.044006966,-0.001762284,-0.027660927,-0.033204053,-0.029041752,-0.007150512,-0.032792859,-0.024209198,-0.010042763,-0.014289407,-0.028288048,-0.018020144,-0.004940707
0,0.341896653,0.396610141,0.464639813,0.478004307,0.435693651,0.476295382,0.493523836,0.459979743,0.451232076,0.439231515,0.449022889,0.421201378,0.418073237,0.400356561,0.405467778,0.387612194,0.386060983,0.358925641,0.364929736,0.358563483,0.359397769,0.59114182,0.584601939,0.53605485,0.462631822,0.420879394,0.424085677,0.373179018,0.43900454,0.45882231,0.39563632,0.352088332,0.428134978,0.438408434,0.38110584,0.33259812,0.407434165,0.423233986,0.372664332,0.346020728,0.396389991,0.411010593,-3.60E-07,-0.035093933,-0.048434917,-0.058695305,-0.060316354,-0.008630347,-0.041747708,-0.059302796,-0.067042932,-0.005255866,-0.04034663,-0.047824975,-0.04384087,-0.0087888,-0.041673347,-0.030533103,-0.014103809,-0.015926985,-0.031969745,-0.019884905,-0.005243347
0,0.396500498,0.434739709,0.468705595,0.455611467,0.408103555,0.440344959,0.432199717,0.431401908,0.433272332,0.397946179,0.390509069,0.399451077,0.404795617,0.360676974,0.34643662,0.363056183,0.373074502,0.325585008,0.317356348,0.332946628,0.342906207,0.776310802,0.747632205,0.678058982,0.616601765,0.599470973,0.568313897,0.531772971,0.594878614,0.612017035,0.56949091,0.534599781,0.606472135,0.611968219,0.584819078,0.551706791,0.617023528,0.625629067,0.609149158,0.587126076,0.626585424,0.634875655,-2.48E-07,-0.033490833,-0.048357069,-0.059965983,-0.064782582,-0.014849098,-0.045567583,-0.061448123,-0.068532467,-0.01121781,-0.041418508,-0.04515513,-0.040357132,-0.013735588,-0.04365395,-0.030746371,-0.014581838,-0.019498086,-0.034583125,-0.021649076,-0.007132591
0,0.769715667,0.702039063,0.636796534,0.610168457,0.618129909,0.645010829,0.619600952,0.63414675,0.65005666,0.683710277,0.660443842,0.677595496,0.690599501,0.725783587,0.706935346,0.718311548,0.729436457,0.7717067,0.751418173,0.752010703,0.759852231,0.5793522,0.566187501,0.505268037,0.430842608,0.363793373,0.385434866,0.314248025,0.379309952,0.412641734,0.364994884,0.302289665,0.391929597,0.408126146,0.356161356,0.297814906,0.380836397,0.396214962,0.357047617,0.312534809,0.370166659,0.387597144,-5.97E-07,-0.025185835,-0.037868116,-0.052868415,-0.060361098,0.006350765,-0.032748923,-0.050391607,-0.055603452,0.001932871,-0.038225636,-0.042146053,-0.032556307,-0.011417042,-0.049654633,-0.03302674,-0.010211206,-0.028119745,-0.046108946,-0.030757079,-0.012816083
0,0.599334419,0.526982784,0.460750163,0.430079699,0.430861831,0.502289534,0.461302549,0.465710878,0.48544687,0.54027164,0.493822724,0.496802717,0.521745861,0.581021607,0.53347683,0.535621285,0.562276721,0.625219345,0.578810155,0.572270691,0.593738735,0.604439378,0.572239697,0.489868641,0.422103018,0.355184078,0.351391077,0.290515423,0.374361783,0.402852476,0.349580884,0.301256239,0.404189259,0.407981664,0.357560843,0.316039175,0.414299488,0.417734206,0.375785559,0.344041049,0.412323385,0.425593078,-8.07E-07,-0.013150451,-0.021640239,-0.035387013,-0.041354712,0.01291597,-0.026053123,-0.039828647,-0.042582277,0.001958801,-0.038080595,-0.035720944,-0.022291712,-0.017654603,-0.057849433,-0.035238888,-0.008519487,-0.039633818,-0.058724444,-0.040659234,-0.020672645
0,0.56582576,0.47672382,0.394833654,0.35725829,0.352328718,0.42597726,0.377134562,0.393056214,0.418038011,0.46623382,0.414206326,0.429598272,0.458191514,0.512508214,0.460846335,0.473631829,0.50319314,0.566558301,0.517402411,0.516675055,0.539959669,0.620485067,0.593380451,0.512728512,0.433247119,0.355709851,0.364533037,0.295884013,0.388685226,0.419392705,0.349746227,0.283289552,0.398257822,0.410444826,0.344575882,0.278773397,0.389518917,0.401820451,0.349300385,0.304056525,0.381141335,0.398668796,-8.83E-07,-0.01915909,-0.02768263,-0.041520558,-0.046473946,0.020247681,-0.026341535,-0.046591237,-0.052156314,0.010768238,-0.039048348,-0.042467408,-0.029120386,-0.009249764,-0.056586251,-0.034270234,-0.004340174,-0.032450564,-0.055186529,-0.036165237,-0.0133834
0,0.453443617,0.353197843,0.24772802,0.179516181,0.1622926,0.226957023,0.169611767,0.217047304,0.252834022,0.267076373,0.208293468,0.264610678,0.298170298,0.316890955,0.261855572,0.309106588,0.342019707,0.377796143,0.32752341,0.346818775,0.370061427,0.580077946,0.593184292,0.55722034,0.487464786,0.391291618,0.412088513,0.347884715,0.422937483,0.454303205,0.365650952,0.294007599,0.398489326,0.425259113,0.329027534,0.25102222,0.357807666,0.393002719,0.303258777,0.241092071,0.315958202,0.349560678,-8.23E-07,-0.032150842,-0.047899067,-0.068343394,-0.079356842,0.021782473,-0.035125829,-0.064909488,-0.074226916,0.015934357,-0.042967971,-0.05315391,-0.040735677,-0.002872757,-0.060049463,-0.040588837,-0.006904529,-0.025726587,-0.052965205,-0.033828728,-0.008031772
0,0.538392961,0.441411942,0.331058145,0.255573899,0.226572096,0.279190242,0.218255445,0.270923376,0.311430424,0.31609416,0.255097091,0.317650229,0.353496701,0.364444882,0.304944903,0.361178964,0.397297263,0.425151646,0.367069781,0.399155796,0.428414971,0.668320298,0.708300948,0.699000955,0.643740237,0.552401185,0.553173244,0.499743193,0.567690551,0.603265584,0.492867142,0.436226904,0.529602528,0.557775199,0.441343099,0.381128371,0.477258176,0.510075271,0.398031235,0.360992432,0.434337318,0.462967992,-9.28E-07,-0.031690303,-0.049087748,-0.070794903,-0.084377021,0.016025962,-0.040181231,-0.072386809,-0.084393501,0.008427191,-0.049217843,-0.063732989,-0.05627428,-0.010990078,-0.067263409,-0.051399335,-0.022263084,-0.034014564,-0.061987463,-0.042392839,-0.0170964
0,0.730933607,0.642228186,0.541788399,0.493847072,0.512805879,0.571275115,0.525579393,0.546815872,0.569980621,0.624167264,0.580623627,0.599625826,0.623743296,0.679904163,0.643899858,0.655279517,0.678533792,0.740844607,0.706038654,0.702504218,0.7188043,0.664711237,0.65276444,0.568197727,0.477910399,0.395797133,0.391419351,0.314835072,0.42472297,0.451206148,0.370934814,0.308425307,0.441105813,0.445302725,0.366744161,0.300416201,0.424023092,0.431482881,0.371068388,0.323512495,0.40948844,0.424157858,-9.58E-07,-0.037489191,-0.05327078,-0.070389912,-0.075259224,0.003139141,-0.047703587,-0.068103217,-0.075328782,-0.000257306,-0.057138283,-0.059175111,-0.044089295,-0.015858186,-0.070295066,-0.043539081,-0.009419112,-0.036309421,-0.061676413,-0.039812237,-0.014574252
0,0.778395951,0.702287912,0.619472623,0.578769922,0.587278247,0.630289733,0.591016293,0.610661924,0.63233006,0.671731293,0.633849382,0.657310188,0.678258836,0.716985226,0.684461117,0.702890217,0.722910821,0.768355608,0.735720754,0.739836872,0.754482627,0.686724305,0.681880295,0.624088824,0.547256887,0.471899688,0.487285852,0.410823017,0.487688303,0.519472599,0.463097572,0.397084981,0.498308271,0.512619555,0.449582845,0.383499622,0.48259294,0.499692291,0.444169879,0.394670963,0.466035515,0.488096088,-7.53E-07,-0.027989255,-0.041485358,-0.057578914,-0.065146774,0.005413229,-0.039348934,-0.058491115,-0.064171791,0.000704354,-0.046499155,-0.049830455,-0.038198214,-0.014130043,-0.061070085,-0.041484848,-0.01397546,-0.032382503,-0.0554155,-0.038206406,-0.017455867
0,0.737539768,0.668822408,0.596709192,0.549204111,0.548026383,0.585613012,0.540539563,0.565770805,0.59213841,0.615361154,0.57262671,0.607939303,0.633790016,0.651316524,0.612201869,0.642283738,0.666388869,0.694335282,0.657773614,0.669974625,0.68786478,0.65851295,0.666705966,0.63613987,0.583913565,0.515926838,0.527653873,0.468394816,0.524655163,0.555869818,0.496886492,0.43964386,0.516452789,0.537407041,0.473081291,0.41551882,0.490683734,0.513305545,0.456277519,0.411360383,0.464998424,0.486736059,-6.15E-07,-0.021986816,-0.033841688,-0.049384113,-0.058685508,0.011620397,-0.027943989,-0.04816654,-0.054463368,0.00676826,-0.035058595,-0.042214818,-0.033638377,-0.006630056,-0.045597006,-0.031468488,-0.008391336,-0.022940187,-0.040202364,-0.025474533,-0.007252424
0,0.727508724,0.662991464,0.599525452,0.559062839,0.554885626,0.594607472,0.554698884,0.578313172,0.601787329,0.621030509,0.582436383,0.612936676,0.635519564,0.652968168,0.61701405,0.643022537,0.664469779,0.691445053,0.657595873,0.668477297,0.685223222,0.639463127,0.645220518,0.614145517,0.564258337,0.504981756,0.51888895,0.467408508,0.520402193,0.547964871,0.49329263,0.443457842,0.513855517,0.531269908,0.473176301,0.422072947,0.491664916,0.511384845,0.459306419,0.420965314,0.4699018,0.488518238,-5.81E-07,-0.016776953,-0.025909003,-0.038852192,-0.046398226,0.013367423,-0.021467004,-0.038961753,-0.044119433,0.007831949,-0.028069917,-0.033796664,-0.026111772,-0.005214646,-0.038958941,-0.025430938,-0.004572238,-0.020640304,-0.035587274,-0.021798445,-0.005103168
0,0.683026016,0.623251498,0.569069982,0.535273373,0.535286903,0.575336874,0.543800473,0.56099546,0.58084172,0.599826992,0.567529798,0.590537965,0.612946928,0.629009604,0.596603334,0.615676165,0.636965692,0.664155066,0.633524835,0.639646828,0.655423939,0.583522737,0.586004853,0.552789688,0.504274249,0.451304376,0.471256018,0.424816549,0.473616451,0.499302685,0.451515526,0.399733603,0.464078128,0.485399336,0.434761733,0.379222721,0.444914162,0.471011728,0.423205137,0.380920559,0.425829887,0.447743416,-5.42E-07,-0.009984151,-0.01438544,-0.023331819,-0.028249586,0.019970231,-0.008859136,-0.024471678,-0.029169243,0.013814467,-0.016229199,-0.022071328,-0.015675737,0.001376986,-0.027354065,-0.016412409,0.001774207,-0.012721645,-0.026437636,-0.015471163,-0.001218099
0,0.641766906,0.578305423,0.522450864,0.488684118,0.489912063,0.532911003,0.501773059,0.518210411,0.538631678,0.557964265,0.526204407,0.548805773,0.572353482,0.588237405,0.55569762,0.574348748,0.596375585,0.625222921,0.594860256,0.600269198,0.615923166,0.57328999,0.57250613,0.534567297,0.482741803,0.428334355,0.449419409,0.40192908,0.449512273,0.477669299,0.43023777,0.378723264,0.445382088,0.469875216,0.413933426,0.357664198,0.42674318,0.455123603,0.403340518,0.360017866,0.407050639,0.429201812,-5.50E-07,-0.009957743,-0.013452057,-0.02193084,-0.026246933,0.025938358,-0.00347354,-0.020759823,-0.026277937,0.019940892,-0.010951224,-0.018613206,-0.012721878,0.007142447,-0.022265777,-0.012270531,0.005949255,-0.007418174,-0.021560216,-0.010855791,0.003690189
0,0.545835376,0.478785574,0.399772018,0.351967186,0.337842226,0.374348044,0.33324036,0.369704485,0.391563445,0.400253326,0.356942564,0.401678562,0.423705757,0.434446782,0.391901791,0.43179214,0.454198599,0.477709681,0.436926752,0.457419962,0.475152612,0.6149984,0.646508634,0.63607347,0.589688003,0.52550751,0.534499884,0.502606034,0.552285671,0.568937898,0.492667347,0.455880553,0.523692548,0.53514123,0.455425769,0.414769679,0.486579478,0.504267752,0.422929138,0.39495337,0.447892249,0.466167271,-6.12E-07,-0.019752836,-0.027149793,-0.037822992,-0.042529535,0.015703207,-0.021454247,-0.039799202,-0.04537423,0.010393139,-0.028274287,-0.033877186,-0.024724808,-0.003415244,-0.042470008,-0.028565127,-0.00550069,-0.019680444,-0.03966276,-0.025885906,-0.007615955
0,0.462548912,0.370773315,0.272372872,0.208724946,0.194171742,0.251849473,0.194791943,0.236007988,0.27090922,0.292469561,0.236694813,0.286744922,0.319393605,0.340892941,0.289997637,0.331607729,0.363004506,0.399590909,0.350397795,0.369180858,0.393873781,0.610189021,0.627152383,0.596731007,0.530815661,0.437206984,0.440637201,0.378599823,0.458031535,0.487143487,0.39791283,0.34137705,0.446932882,0.461117148,0.366466016,0.305747986,0.410743773,0.43035078,0.343401551,0.301588178,0.376890898,0.397396207,-8.22E-07,-0.034841582,-0.053408664,-0.074539237,-0.086260289,0.00962995,-0.044559196,-0.071494423,-0.080406897,0.005740652,-0.051132623,-0.059874177,-0.048376583,-0.010146134,-0.065702394,-0.046298221,-0.014777742,-0.02997474,-0.057065491,-0.038572486,-0.014237861
0,0.461279809,0.361142814,0.268721759,0.226609081,0.230758905,0.312166572,0.256442428,0.271551192,0.296726257,0.36730063,0.308657497,0.324436337,0.355040818,0.424640119,0.370951742,0.381240964,0.411378294,0.484059215,0.437619805,0.432381034,0.453311592,0.649324536,0.625460446,0.526284754,0.442763329,0.360365689,0.34386149,0.275356948,0.389664471,0.424664944,0.334253252,0.293663949,0.426721603,0.425368845,0.34045428,0.293853253,0.4207789,0.422773689,0.358433366,0.328611016,0.413957,0.421645254,-1.00E-06,-0.03399241,-0.05115816,-0.070790939,-0.07802172,0.000947543,-0.05406161,-0.076094888,-0.082805693,-0.005474394,-0.062963523,-0.063098252,-0.047651336,-0.024269983,-0.079528727,-0.050080735,-0.015059021,-0.047818288,-0.074579023,-0.052580122,-0.02742877
0,0.66838181,0.56911242,0.46406275,0.407905906,0.415703624,0.462831795,0.413532853,0.448709309,0.481377453,0.514370918,0.46997261,0.507121444,0.534882486,0.571264207,0.530572832,0.558904946,0.585913897,0.637052715,0.594791651,0.603980064,0.62417227,0.614878356,0.607688844,0.550803125,0.451823771,0.345975876,0.369445592,0.279942721,0.382432014,0.420644283,0.332801223,0.251526475,0.382256776,0.406206578,0.310487837,0.221037164,0.34482342,0.373208463,0.300699085,0.236603111,0.323582977,0.353493631,-9.44E-07,-0.042388704,-0.064632207,-0.089139059,-0.102083981,0.007614438,-0.050501201,-0.078458019,-0.088321373,0.005279727,-0.05667996,-0.064905167,-0.052356817,-0.010511641,-0.069484405,-0.046099138,-0.011779075,-0.031323101,-0.059831668,-0.038846333,-0.012560616
0,0.781415939,0.699035525,0.602884471,0.524294198,0.494865865,0.539409459,0.467480958,0.515204251,0.554288566,0.566022456,0.498363495,0.560031772,0.594211817,0.602365196,0.537244022,0.586272061,0.62000531,0.64937824,0.591562688,0.615303576,0.638612092,0.637303591,0.682347536,0.689608395,0.638635218,0.54686904,0.575884104,0.517052829,0.556723356,0.582168639,0.511044621,0.447098732,0.510436773,0.542758524,0.455608904,0.383597076,0.446791828,0.485910714,0.407185614,0.356387615,0.401738465,0.436205238,-6.61E-07,-0.04073336,-0.061985251,-0.085919462,-0.101592474,0.010319911,-0.04120006,-0.074310079,-0.088648498,0.009264156,-0.045243934,-0.066175468,-0.065714173,-0.003439553,-0.052624717,-0.048122413,-0.029854249,-0.020903632,-0.04532152,-0.036735475,-0.022178086
0,0.595813155,0.53247571,0.459503353,0.400016278,0.373815417,0.421346962,0.371581495,0.412874997,0.445503622,0.436908573,0.383292496,0.43558085,0.470259249,0.461071372,0.408488452,0.45568943,0.489421666,0.494516164,0.447517276,0.475322843,0.500662386,0.594249308,0.640763819,0.655867875,0.6354357,0.575150192,0.582473159,0.559329033,0.585676253,0.597310781,0.535627961,0.505049765,0.543613374,0.556417584,0.490900218,0.458076149,0.500094652,0.518164217,0.449819624,0.430143356,0.464380085,0.480677575,-5.53E-07,-0.017139366,-0.025064614,-0.037303414,-0.045065321,0.021364987,-0.011799074,-0.032685399,-0.040710501,0.015910259,-0.019937485,-0.03114186,-0.026617441,0.00298424,-0.031462755,-0.023105394,-0.004614919,-0.01212569,-0.029171208,-0.017774962,-0.002081127
0,0.555132687,0.481372774,0.410262585,0.362086147,0.342058241,0.398891777,0.353632808,0.38203001,0.412691385,0.421089441,0.371190786,0.41043812,0.445286095,0.450853437,0.400676697,0.436166674,0.468920887,0.489750862,0.444866478,0.461382657,0.484639764,0.562274218,0.594608188,0.580600858,0.535172582,0.472507358,0.483217597,0.444664568,0.48616299,0.509426117,0.445455849,0.400060982,0.458290875,0.479222864,0.410937876,0.361858726,0.424228936,0.449857831,0.380546689,0.343546212,0.389048159,0.409867227,-5.73E-07,-0.012709856,-0.016719757,-0.026203323,-0.031564075,0.030212324,-0.000187373,-0.01998535,-0.027246267,0.023555497,-0.01009172,-0.021701459,-0.017436193,0.009514698,-0.023154274,-0.015115159,0.003212135,-0.006501918,-0.022977475,-0.012192517,0.003245339
0,0.609390318,0.509766698,0.410986394,0.362938821,0.360311955,0.430541545,0.377231151,0.400846362,0.43087253,0.476252228,0.423473597,0.453716725,0.486664534,0.529254138,0.479360729,0.503966928,0.536425292,0.592396855,0.544048727,0.549726188,0.574236393,0.677772403,0.673592269,0.595925689,0.504027605,0.412806958,0.432742596,0.346018374,0.44160068,0.485307992,0.40335986,0.325016201,0.448110312,0.472406536,0.385071218,0.299649,0.419959873,0.448916942,0.377773494,0.311225235,0.394945949,0.425663739,-1.01E-06,-0.023218926,-0.032390531,-0.046820074,-0.052176118,0.019969592,-0.029509265,-0.052937627,-0.060064364,0.010892109,-0.040554352,-0.046151295,-0.03366271,-0.00930418,-0.059726615,-0.036429297,-0.004230606,-0.032891046,-0.058100943,-0.03681127,-0.011199431
0,0.32938379,0.226486877,0.141583443,0.097828209,0.079500809,0.159288138,0.101816498,0.125819579,0.158438712,0.195856243,0.128765881,0.157032102,0.194681257,0.242015406,0.177444592,0.204175755,0.240316793,0.299096197,0.239504755,0.248224631,0.27736485,0.865997732,0.866268814,0.805941641,0.736896038,0.662992418,0.658880651,0.612092435,0.696327746,0.722554624,0.629771531,0.572337687,0.683506012,0.693507135,0.60799557,0.553851426,0.660332739,0.66716975,0.595906615,0.557741404,0.634987175,0.6500808,-8.74E-07,-0.00989447,-0.013558297,-0.024937568,-0.030089233,0.034080286,-0.007608771,-0.027780931,-0.034003872,0.020267649,-0.025928982,-0.031434286,-0.019310098,-0.003096241,-0.049017213,-0.029127978,-0.000170571,-0.028539704,-0.050370518,-0.030249182,-0.006410711
1,0.199804202,0.250773162,0.273221701,0.2347188,0.191664666,0.293548614,0.327968955,0.346757084,0.360003829,0.243901134,0.246767163,0.244504809,0.240935043,0.199327067,0.175871,0.184799761,0.195632353,0.161127865,0.144816071,0.157511979,0.172408372,0.762544155,0.742352724,0.67618221,0.606968403,0.545965075,0.523506343,0.426410973,0.362461537,0.304433286,0.504798353,0.383614361,0.306109846,0.236177862,0.524391949,0.47012794,0.555262268,0.615092039,0.570521653,0.553086817,0.614579558,0.659876466,8.04E-07,-0.049118482,-0.073879972,-0.096749954,-0.116782188,-0.033742372,-0.069901966,-0.093441807,-0.108135499,-0.034603093,-0.076886818,-0.103080414,-0.114152916,-0.041409697,-0.105585463,-0.120312408,-0.111125007,-0.051107794,-0.106307939,-0.113975219,-0.105614521
1,0.26273936,0.32672146,0.360214531,0.318313479,0.276518255,0.388034225,0.42727837,0.449429959,0.463806272,0.331974417,0.332604676,0.331386387,0.328000337,0.282851756,0.258960724,0.270189941,0.282114595,0.241476029,0.228781983,0.24144198,0.25665164,0.725002646,0.704916894,0.62861681,0.548425913,0.47726205,0.469420373,0.363932043,0.295100808,0.23219952,0.444663942,0.309973925,0.227857888,0.155252993,0.463232338,0.404038668,0.487821907,0.546044469,0.510071218,0.497062802,0.562040329,0.608963013,7.49E-07,-0.050124869,-0.072259828,-0.092010364,-0.108176477,-0.03129568,-0.06645257,-0.089523993,-0.104504555,-0.031734474,-0.073176317,-0.099250115,-0.110465154,-0.038366888,-0.101495512,-0.117061764,-0.109063737,-0.04825858,-0.104232967,-0.113928348,-0.107146502
1,0.403861135,0.473564744,0.524142325,0.500185966,0.459567249,0.553539455,0.604106307,0.63307941,0.654148459,0.494936764,0.504134178,0.512057841,0.517355263,0.437463492,0.435768425,0.446575731,0.452968895,0.386916369,0.394861609,0.410936087,0.423717946,0.726857305,0.712740183,0.63754046,0.554069877,0.477739125,0.460022777,0.349172562,0.280045688,0.215039939,0.432785332,0.283606976,0.193623245,0.117161512,0.448767036,0.393069774,0.487007171,0.552675128,0.490481436,0.484324485,0.5602929,0.615269184,8.15E-07,-0.047065284,-0.068619996,-0.089742877,-0.107328214,-0.030802995,-0.066578224,-0.089039572,-0.102765374,-0.034564123,-0.080308557,-0.109096974,-0.12084543,-0.043632209,-0.111860812,-0.126802564,-0.116001241,-0.055544276,-0.113650866,-0.120516986,-0.110030159
1,0.4766922,0.570063889,0.645543933,0.625266433,0.579192758,0.688331962,0.759629667,0.79752934,0.826392114,0.610571623,0.628240645,0.640714586,0.650218666,0.532947481,0.542807341,0.550588965,0.552158833,0.462336391,0.484786451,0.503256917,0.513285458,0.823284388,0.830269456,0.757128,0.657656908,0.556688011,0.510576785,0.369136155,0.282704234,0.201822251,0.463790238,0.2724365,0.152711034,0.045633554,0.476078361,0.405795366,0.543523967,0.636310041,0.527729273,0.539213896,0.647595167,0.719365537,1.10E-06,-0.068539619,-0.104383893,-0.138486117,-0.167332679,-0.054682456,-0.105780594,-0.136573479,-0.155329973,-0.059601322,-0.125298992,-0.166076601,-0.183249876,-0.07142248,-0.168011114,-0.187848136,-0.172580019,-0.087271981,-0.170701534,-0.182728425,-0.169909507
1,0.400227249,0.50004077,0.569094777,0.508821547,0.425638258,0.592764497,0.663577616,0.709627628,0.741534591,0.503439605,0.508869469,0.503997922,0.495645314,0.421564937,0.403832614,0.420135677,0.434842587,0.351550609,0.3453722,0.373189628,0.399475932,0.94990027,0.952227116,0.886866152,0.788800955,0.691945732,0.579239607,0.39019841,0.27575931,0.16231662,0.53624326,0.299772322,0.156909227,0.026127219,0.56826365,0.493080437,0.654375136,0.764506698,0.647196949,0.649286449,0.762818575,0.842077971,1.46E-06,-0.089223266,-0.143713012,-0.194868401,-0.242474958,-0.10344214,-0.180619285,-0.226904273,-0.255280137,-0.109087966,-0.194605589,-0.242755532,-0.263986796,-0.122274302,-0.237307146,-0.254750639,-0.234287068,-0.141248479,-0.233833402,-0.239630267,-0.220958441
1,0.279992789,0.373732507,0.425847858,0.348566592,0.264792323,0.405429304,0.438127637,0.457786798,0.470262229,0.328946948,0.295441329,0.267368138,0.240815639,0.268330693,0.227615446,0.255582422,0.283472091,0.221681789,0.205656484,0.237754032,0.271218836,0.873333454,0.85883534,0.775081694,0.704240918,0.636806071,0.51895225,0.350558758,0.243781358,0.147105783,0.504230976,0.318133354,0.199506015,0.098002851,0.543865681,0.521141171,0.642701745,0.71886152,0.61265713,0.630944669,0.730120897,0.794559002,1.17E-06,-0.081976712,-0.122074157,-0.15712975,-0.188639015,-0.075208277,-0.132377684,-0.16456686,-0.182998255,-0.072457492,-0.140672281,-0.179693982,-0.193393692,-0.07822872,-0.177071124,-0.202381417,-0.189076751,-0.088579714,-0.1676981,-0.178354323,-0.164987639
1,0.266603738,0.338434398,0.359504223,0.276992589,0.193730757,0.323726267,0.332932621,0.337729633,0.337495238,0.252082467,0.204444066,0.164437741,0.129374206,0.20236975,0.148535579,0.179223865,0.211110562,0.171766043,0.143812612,0.179934248,0.219057292,0.86417532,0.834114075,0.755853713,0.707293034,0.663919687,0.538885713,0.386325777,0.288474768,0.199163109,0.532537282,0.372186601,0.274468869,0.188126266,0.574389696,0.555823624,0.664177418,0.732356668,0.644658923,0.666650355,0.749602497,0.801449299,1.09E-06,-0.075265773,-0.116513103,-0.152099729,-0.185210913,-0.08124043,-0.139403835,-0.172357127,-0.191018924,-0.078621149,-0.144394368,-0.180094615,-0.192649484,-0.082552865,-0.173186615,-0.192031816,-0.177543059,-0.090564534,-0.163491204,-0.170340866,-0.155657738
1,0.320187449,0.37674132,0.382344663,0.314847827,0.247680411,0.335567534,0.329297274,0.32447058,0.313338667,0.274063379,0.219840482,0.182958171,0.146990851,0.236190125,0.192455217,0.237296447,0.272370934,0.217238799,0.205385834,0.244711742,0.279069513,0.813227057,0.76314199,0.679020941,0.643534124,0.611440897,0.510194004,0.383584976,0.307312518,0.236674845,0.523531675,0.397986621,0.32550478,0.260203004,0.571267962,0.530007601,0.606539607,0.655896187,0.639119565,0.649275541,0.704234362,0.73715198,8.15E-07,-0.057751384,-0.085849829,-0.110553816,-0.131779358,-0.049515225,-0.09189368,-0.117493428,-0.133913785,-0.049271189,-0.099350236,-0.128900826,-0.141715378,-0.055226941,-0.127421781,-0.144846901,-0.136560544,-0.064750053,-0.128587931,-0.141261473,-0.135455012
1,0.34857586,0.39547199,0.402052462,0.355193824,0.300340474,0.3611691,0.357681811,0.354207665,0.345911294,0.31186083,0.267196625,0.239976376,0.213544399,0.281192273,0.248465255,0.287872434,0.316688031,0.264502198,0.257568836,0.289814323,0.315515608,0.813960135,0.772252679,0.698671103,0.663898826,0.640126646,0.557924986,0.454626739,0.393241227,0.337459892,0.571781993,0.469919443,0.411741257,0.360124499,0.612979412,0.576430619,0.642197132,0.684319258,0.670277834,0.669472218,0.716442287,0.746757686,6.25E-07,-0.045566313,-0.066282868,-0.085245036,-0.101446383,-0.03207206,-0.063541226,-0.083150819,-0.09599413,-0.032238401,-0.07159137,-0.096096426,-0.106969252,-0.03771602,-0.09684182,-0.112319663,-0.105927855,-0.04592577,-0.098109215,-0.109100729,-0.104815334
1,0.313562781,0.361074865,0.376489788,0.339808941,0.297170222,0.364055187,0.375415385,0.38033101,0.379979432,0.319827527,0.2988213,0.285501659,0.270971149,0.287341386,0.26469934,0.290320843,0.309761375,0.264776051,0.257463276,0.277338058,0.294317096,0.844953656,0.814113736,0.751719892,0.706366479,0.671966791,0.619043231,0.527053714,0.471358538,0.421441495,0.620054185,0.518374324,0.459367275,0.407189608,0.649728179,0.602427781,0.657238364,0.696766019,0.697738707,0.68630749,0.724888265,0.754284859,5.43E-07,-0.037363283,-0.053974785,-0.069414064,-0.082364276,-0.023094021,-0.049222846,-0.0665043,-0.07803534,-0.023868447,-0.054992016,-0.075920999,-0.085862398,-0.029245559,-0.076395847,-0.089736812,-0.085415915,-0.036993735,-0.078397095,-0.086507566,-0.08262191
1,0.281803221,0.333753198,0.371718645,0.353478998,0.325098485,0.40475449,0.447959661,0.474195749,0.492889225,0.365697414,0.385829091,0.397525847,0.404836506,0.326927364,0.323775232,0.323036909,0.324276328,0.289563149,0.288148105,0.291632712,0.29764989,0.864220321,0.867734611,0.825231493,0.771504998,0.721411943,0.703336239,0.635735154,0.592276633,0.549502134,0.67353797,0.576002717,0.515296102,0.461320937,0.677123368,0.631929874,0.702310979,0.752381444,0.702928424,0.701022983,0.753464341,0.792535186,5.89E-07,-0.032728013,-0.04756996,-0.062287118,-0.074863888,-0.020279041,-0.046704292,-0.063143037,-0.07327006,-0.023556048,-0.055619676,-0.075280741,-0.083315529,-0.031121409,-0.078716747,-0.090727903,-0.084400289,-0.040757634,-0.081356518,-0.088376597,-0.08313822
1,0.353143394,0.406831264,0.4472,0.43869856,0.414639413,0.484297395,0.531232059,0.559610248,0.580441475,0.445203632,0.468740791,0.482713699,0.49245742,0.40374893,0.407795608,0.404472053,0.40209502,0.363160938,0.370514125,0.37386176,0.3770625,0.850299835,0.855068207,0.815898597,0.761129975,0.708338618,0.690824032,0.622117162,0.578663528,0.53650403,0.660533071,0.562075496,0.499441385,0.445026696,0.662873983,0.617797792,0.69162488,0.744526803,0.687703788,0.677731693,0.732685208,0.775386035,5.90E-07,-0.030744052,-0.046338666,-0.062693551,-0.076905377,-0.020790787,-0.046923455,-0.063661501,-0.073904045,-0.025659347,-0.058252942,-0.078687914,-0.087311454,-0.034207206,-0.082025714,-0.091385417,-0.082765773,-0.044620112,-0.083973497,-0.087078616,-0.078654982
1,0.392724365,0.452582449,0.495251507,0.48341158,0.454341501,0.52480942,0.569991291,0.59711647,0.616520703,0.478578955,0.494586796,0.504716158,0.510195732,0.433134496,0.432143211,0.438441426,0.442865878,0.389690191,0.396392494,0.405620992,0.413010597,0.846412957,0.844878137,0.79657501,0.736102581,0.67577225,0.648632705,0.566414356,0.515334368,0.466698229,0.620732605,0.506978869,0.436058283,0.374263704,0.629749179,0.581486762,0.664589524,0.722488225,0.662798882,0.652769625,0.71341747,0.759252787,6.38E-07,-0.035388377,-0.052630723,-0.070445277,-0.085354716,-0.020654904,-0.049108405,-0.067014582,-0.077943489,-0.025382767,-0.061383259,-0.084000371,-0.093464486,-0.034634858,-0.088516772,-0.099941336,-0.090862252,-0.046016607,-0.090345539,-0.095037401,-0.086667128
1,0.440262556,0.499876648,0.535517156,0.504322052,0.456855834,0.526274204,0.55415535,0.567907393,0.573577046,0.472543657,0.457096398,0.448538512,0.437965721,0.429037392,0.414959103,0.440532625,0.457429945,0.394084722,0.396463305,0.417442381,0.432599336,0.838330925,0.822009921,0.758636236,0.707950473,0.659373641,0.595378995,0.485903412,0.419174671,0.357823879,0.586017787,0.457556427,0.378991604,0.309432775,0.612766147,0.57760191,0.660909057,0.713893294,0.66033572,0.663370788,0.722842813,0.761269689,7.24E-07,-0.046556097,-0.068990313,-0.089893073,-0.107882299,-0.038014401,-0.07294406,-0.092734456,-0.104175031,-0.039687909,-0.083915941,-0.109566584,-0.119044565,-0.046361238,-0.109581627,-0.123976998,-0.114238881,-0.055747602,-0.106093816,-0.112673484,-0.10432072
1,0.503051877,0.568362355,0.607364058,0.56381017,0.504508972,0.569835424,0.585129201,0.591910362,0.591915846,0.51166141,0.472491145,0.44777599,0.424458832,0.468832403,0.455154657,0.490757167,0.513840973,0.439436495,0.447047621,0.478962898,0.500573874,0.863452196,0.837430418,0.768055975,0.72644043,0.689431608,0.594771802,0.463168889,0.386689842,0.316219032,0.596909225,0.462401837,0.379863292,0.307649285,0.632471502,0.61303544,0.698813021,0.75341022,0.685307384,0.705427349,0.770787418,0.811873734,7.68E-07,-0.053112295,-0.080129594,-0.10503833,-0.127442196,-0.053308923,-0.094302483,-0.115828395,-0.127027541,-0.054014653,-0.104579493,-0.132189333,-0.140894741,-0.059564263,-0.130456194,-0.145955041,-0.133835092,-0.06816218,-0.123410247,-0.129294753,-0.117972106
1,0.651486456,0.72197634,0.766302526,0.740252316,0.683496714,0.697215438,0.68807137,0.684102237,0.675066948,0.638049841,0.585792482,0.553370833,0.522352219,0.599145114,0.613324523,0.665273666,0.694920063,0.577311039,0.611822665,0.652186275,0.674725115,0.871003389,0.822730601,0.744743705,0.698479354,0.683457732,0.570221305,0.436498284,0.358936161,0.290619582,0.593918085,0.47758314,0.399793595,0.337915361,0.645894229,0.626597703,0.691691518,0.739663601,0.71081841,0.719395339,0.76704812,0.803047061,6.37E-07,-0.048505317,-0.075566307,-0.102528214,-0.127025902,-0.051542982,-0.091452397,-0.112992764,-0.124306776,-0.05563464,-0.105700247,-0.133265883,-0.143064395,-0.064060248,-0.131289691,-0.14678818,-0.136221588,-0.075753368,-0.124080203,-0.128983036,-0.118934818
1,0.634374976,0.700725198,0.740451753,0.720523775,0.669264019,0.69882971,0.714610517,0.718644023,0.718071699,0.639812946,0.605267048,0.586108029,0.567447782,0.592800498,0.598740101,0.638966501,0.660226643,0.559646666,0.589364409,0.625698805,0.646003366,0.770669878,0.727457523,0.646702707,0.584629416,0.55822438,0.469645828,0.348060608,0.272823095,0.205542386,0.476987541,0.342553794,0.260053217,0.190425187,0.519967139,0.464717329,0.534961343,0.592085063,0.582539856,0.572793424,0.624465704,0.665792108,7.46E-07,-0.039666425,-0.060637739,-0.082421273,-0.101045892,-0.029576307,-0.061424505,-0.081307352,-0.093694642,-0.035934113,-0.077105723,-0.102983259,-0.114167593,-0.046239782,-0.107013702,-0.119965903,-0.110302366,-0.059120148,-0.108215868,-0.113483898,-0.104270846
1,0.406348765,0.47994265,0.514487565,0.468877912,0.410656929,0.51608336,0.55469203,0.574531317,0.586808145,0.455870062,0.443508148,0.435677469,0.426195174,0.405150652,0.379402339,0.402221382,0.421422929,0.362964272,0.351962358,0.372431815,0.391932368,0.775820971,0.742386818,0.653691351,0.577370644,0.519268513,0.476250827,0.357765436,0.281878144,0.213926375,0.460789144,0.318075836,0.2318919,0.154554754,0.491200596,0.419253439,0.505851269,0.565510929,0.54871881,0.517041206,0.573472381,0.616311312,8.01E-07,-0.049093455,-0.071117088,-0.09225224,-0.109807417,-0.028359625,-0.063493118,-0.086585224,-0.102002792,-0.030821823,-0.074342914,-0.102197781,-0.115191802,-0.039480746,-0.104286551,-0.117596611,-0.107669763,-0.051385272,-0.104460143,-0.110365547,-0.101665959
1,0.239260375,0.300846905,0.315107197,0.259729683,0.204867095,0.346385211,0.3854388,0.408773839,0.423770845,0.286393672,0.288482696,0.281150818,0.270749807,0.231751949,0.191544458,0.19912684,0.211353987,0.185553685,0.160668895,0.177593827,0.197895586,0.78424561,0.748254061,0.645183265,0.558626175,0.487134904,0.467233479,0.336552143,0.248667315,0.172567189,0.440845579,0.294752538,0.197606534,0.113926053,0.463318348,0.391420722,0.495390266,0.571755052,0.519772112,0.484170258,0.55779165,0.617207408,9.71E-07,-0.059183862,-0.082844295,-0.103698969,-0.120663658,-0.032674849,-0.070026204,-0.093961291,-0.108593903,-0.029999383,-0.075393155,-0.102672406,-0.112525471,-0.03500339,-0.108112313,-0.123667151,-0.109884337,-0.043692283,-0.10650938,-0.114303879,-0.102479018
1,0.201824635,0.251361102,0.247022182,0.18116723,0.114368148,0.274329185,0.305780947,0.323275775,0.333036363,0.211748242,0.204131499,0.187790453,0.170858815,0.160870939,0.10634657,0.114261985,0.131838456,0.124350794,0.087081842,0.10545066,0.131969601,0.792163968,0.754524767,0.654621065,0.569175839,0.504599452,0.458870113,0.317489892,0.227622181,0.145215482,0.438147068,0.278366029,0.178886533,0.092036486,0.463870913,0.381891191,0.483851999,0.562429428,0.521710515,0.47399506,0.550100327,0.615050495,1.03E-06,-0.072601683,-0.103056081,-0.126512989,-0.145845816,-0.053069305,-0.094665281,-0.122844577,-0.140685543,-0.042710736,-0.088951714,-0.116635606,-0.128004953,-0.0401708,-0.112997517,-0.128197432,-0.115343034,-0.042240888,-0.106108047,-0.112761691,-0.100277968
1,0.689227462,0.619710028,0.571730256,0.579224169,0.615532279,0.599604666,0.575883389,0.565651894,0.560146451,0.651383281,0.664047539,0.666445732,0.671177804,0.696373343,0.693038583,0.66125071,0.643615305,0.733005047,0.717850029,0.690014243,0.67262727,0.883013606,0.847129345,0.770641804,0.70252043,0.65049082,0.581075609,0.471871614,0.403667033,0.341147989,0.579612911,0.443336934,0.363303393,0.294712156,0.613368571,0.528697968,0.618228018,0.686658263,0.668521941,0.605126917,0.664460301,0.71892029,7.97E-07,-0.031006407,-0.054217692,-0.081129715,-0.106493346,-0.026215583,-0.053855978,-0.072218992,-0.085808009,-0.038710944,-0.070585042,-0.090775594,-0.102095641,-0.055867065,-0.104423955,-0.109028392,-0.099016637,-0.075379029,-0.113405108,-0.110782452,-0.100467958
1,0.656307042,0.583255768,0.531874537,0.537122071,0.572034836,0.56083566,0.536732495,0.5259583,0.519870281,0.612940609,0.627795339,0.630452394,0.634789467,0.657858372,0.650801003,0.620456457,0.604186773,0.694439113,0.677002907,0.648766518,0.63141191,0.837682724,0.804157257,0.724246383,0.655301869,0.602170408,0.531899333,0.422876596,0.354921162,0.292955756,0.530941427,0.393672466,0.311051667,0.242019981,0.565158784,0.480799556,0.57209307,0.641293108,0.619784117,0.555420578,0.615555406,0.670882404,8.53E-07,-0.030672979,-0.053135,-0.079690233,-0.104593538,-0.024332028,-0.050715551,-0.068089172,-0.080903456,-0.036745176,-0.068386629,-0.088024385,-0.09858872,-0.053982198,-0.102176413,-0.106006093,-0.095170125,-0.073633283,-0.110724397,-0.107536644,-0.096794769
1,0.582369626,0.509902716,0.456383556,0.457085013,0.488249987,0.489972591,0.46552527,0.45436275,0.448813677,0.545573533,0.564783216,0.569323599,0.574915409,0.592519701,0.577183306,0.543209195,0.526627362,0.628170252,0.600054085,0.5658288,0.546188951,0.834844649,0.79959631,0.713366032,0.638724566,0.577188611,0.512978852,0.395075977,0.321573526,0.255437851,0.513952851,0.364424974,0.273509026,0.198315293,0.551253319,0.464266151,0.546618283,0.611247897,0.608606696,0.543294072,0.604643285,0.66127187,8.94E-07,-0.031934395,-0.05555455,-0.082887337,-0.108692646,-0.027225265,-0.055441078,-0.073717587,-0.086839288,-0.04007116,-0.07271193,-0.09327288,-0.104613893,-0.057852969,-0.107878625,-0.115291648,-0.107311122,-0.07782466,-0.116486549,-0.114941657,-0.105893672
1,0.396642566,0.317606568,0.265125304,0.24666357,0.259725928,0.312593937,0.296868503,0.290088952,0.288461208,0.362117827,0.384651333,0.390304208,0.394201219,0.40117234,0.342142642,0.300483018,0.286622554,0.424443156,0.365609109,0.325532436,0.308480233,0.858601928,0.815640867,0.736803651,0.682415962,0.627486646,0.544250906,0.41562584,0.339543581,0.272274584,0.549946189,0.401728511,0.307711512,0.226113439,0.588791311,0.536114573,0.623099387,0.684771299,0.65100801,0.609752119,0.670443773,0.723084867,1.09E-06,-0.018507902,-0.038725723,-0.065163203,-0.088913225,-0.021372968,-0.047034997,-0.059637714,-0.066777088,-0.039301634,-0.070981286,-0.086759359,-0.092059799,-0.060406499,-0.10942626,-0.111677706,-0.097369298,-0.08290261,-0.117513977,-0.111888811,-0.098428875
1,0.385258973,0.301327705,0.2378131,0.21416533,0.232674226,0.270652384,0.237114951,0.223432779,0.21670112,0.324604303,0.340435058,0.340749502,0.342272967,0.369112134,0.32072401,0.283501685,0.272955865,0.400484741,0.347059667,0.310946405,0.297976345,0.845174193,0.820938826,0.741088986,0.676810801,0.61664474,0.541065812,0.409641206,0.326650023,0.255618572,0.536396325,0.375440001,0.274265438,0.188782007,0.568654835,0.494361967,0.590048075,0.659976184,0.625507295,0.573075235,0.641878307,0.703138888,1.13E-06,-0.023903172,-0.046091776,-0.074242152,-0.099641077,-0.024821404,-0.053623617,-0.069549866,-0.080034465,-0.042495161,-0.079735205,-0.098584987,-0.105877668,-0.063986845,-0.118622556,-0.119491704,-0.103181697,-0.087297931,-0.128238574,-0.122882314,-0.108348221
1,0.581808209,0.503112435,0.444464207,0.439210802,0.454643935,0.434419662,0.393887848,0.372604042,0.356213421,0.489789069,0.486525059,0.479685903,0.475568056,0.541727662,0.521567583,0.507739246,0.504795492,0.586328387,0.559898674,0.54194808,0.534653962,0.815086484,0.795425415,0.72705245,0.656882048,0.591397226,0.520234466,0.409796953,0.340095162,0.275970131,0.504103541,0.356003046,0.268430054,0.195742905,0.524867237,0.451585054,0.545810521,0.615647614,0.568564832,0.51866138,0.587449074,0.647968113,8.46E-07,-0.026110129,-0.045191634,-0.069515832,-0.092054263,-0.015454613,-0.039480802,-0.055255689,-0.066656359,-0.03007672,-0.059507113,-0.078975514,-0.089425683,-0.049495295,-0.097878233,-0.103903003,-0.094302811,-0.070871167,-0.107368514,-0.103792973,-0.092858247
1,0.686489642,0.620876372,0.573319554,0.578701138,0.597734451,0.562077403,0.527204931,0.506684303,0.491090894,0.612481296,0.605406523,0.59723103,0.591101587,0.660373032,0.656752348,0.642795503,0.63351655,0.703203321,0.691853702,0.677246332,0.66564697,0.770104051,0.756381869,0.699067771,0.635398388,0.577804923,0.522912264,0.426087767,0.364706963,0.307502955,0.506918013,0.380377829,0.304714739,0.238665849,0.523937821,0.451500475,0.541023433,0.608187556,0.563053489,0.513999104,0.577990115,0.632913113,7.80E-07,-0.035120662,-0.061064061,-0.088523276,-0.114289843,-0.036019251,-0.066984959,-0.087229244,-0.101042658,-0.045207206,-0.08006499,-0.100688435,-0.111741394,-0.058676325,-0.108336464,-0.112312593,-0.102183081,-0.074590869,-0.11296194,-0.109346718,-0.098240331
1,0.705774248,0.646146476,0.606862903,0.601211548,0.631043255,0.659091055,0.65243268,0.651787341,0.654763937,0.704569101,0.737650931,0.752207756,0.764557064,0.738205492,0.719932616,0.675484896,0.651094079,0.758366108,0.727344573,0.688581288,0.665519893,0.788482606,0.74403125,0.668533266,0.60956943,0.573563933,0.513490975,0.407228887,0.344060481,0.28955248,0.524633586,0.403281391,0.329295754,0.268393546,0.563401163,0.493913323,0.555954218,0.607402742,0.617081404,0.56551069,0.606752157,0.649223685,8.48E-07,-0.022430351,-0.042436004,-0.06664031,-0.089309402,-0.024003962,-0.047299519,-0.060926929,-0.0708827,-0.037073996,-0.066370904,-0.08393696,-0.093012139,-0.053370129,-0.09715952,-0.103955813,-0.096746691,-0.071006291,-0.104457758,-0.104567818,-0.097449481
1,0.684165359,0.624168813,0.596959472,0.621864557,0.666613817,0.666360736,0.671086669,0.679113925,0.691071451,0.717570126,0.772153795,0.799967706,0.82677263,0.753488302,0.76944536,0.718183458,0.686135292,0.776695013,0.77296716,0.732854605,0.706751287,0.767282844,0.710552812,0.615842104,0.549705505,0.524050236,0.452052325,0.341192901,0.274268866,0.21624428,0.472340852,0.346028805,0.271767229,0.210741103,0.522953033,0.438928843,0.491229564,0.536150336,0.589586377,0.517872214,0.557086289,0.599008977,8.72E-07,-0.028661374,-0.050617337,-0.075830996,-0.10077402,-0.03041191,-0.058307491,-0.076448247,-0.089980423,-0.043262169,-0.075150959,-0.096853197,-0.109663598,-0.059728555,-0.10583701,-0.1143758,-0.109039202,-0.077879757,-0.113271393,-0.111576468,-0.10342139
1,0.575689435,0.484025359,0.397416264,0.361225963,0.384889841,0.372777462,0.324654281,0.301842988,0.285282791,0.428879589,0.411681443,0.398957729,0.388786316,0.488043249,0.445828438,0.440811574,0.445383549,0.544130862,0.49542436,0.485785276,0.4871445,0.813692689,0.829192162,0.784250796,0.715029776,0.639272273,0.556728721,0.45034048,0.385222703,0.322293371,0.523008466,0.364808649,0.270348102,0.189698249,0.531375885,0.464627206,0.576722145,0.655992687,0.568531513,0.529324353,0.615532994,0.685428798,1.17E-06,-0.036014818,-0.063462831,-0.095373072,-0.123888835,-0.017785009,-0.044744626,-0.061594099,-0.073739864,-0.03146245,-0.064515419,-0.084230579,-0.093055643,-0.051376119,-0.107466392,-0.111486398,-0.096967682,-0.07409928,-0.117568053,-0.114183486,-0.100842983
1,0.527751505,0.440046877,0.348617315,0.295798153,0.278704166,0.272164255,0.185808688,0.143279657,0.109529629,0.316874295,0.252898455,0.214495614,0.187189177,0.375298798,0.305366218,0.315982401,0.334619999,0.438471764,0.369510651,0.373693198,0.390516937,0.763890505,0.809328556,0.785820723,0.730809391,0.648662925,0.582518458,0.500684023,0.445229828,0.38843894,0.527672648,0.373328805,0.281606376,0.20308423,0.512504339,0.455798268,0.565753818,0.641700089,0.524751306,0.498135805,0.586652696,0.659411371,1.15E-06,-0.036105994,-0.064204179,-0.097351737,-0.127731577,-0.028830208,-0.060841806,-0.080100812,-0.094190955,-0.043528784,-0.085333414,-0.111605912,-0.125643626,-0.063687436,-0.124066077,-0.132930771,-0.123583339,-0.086359158,-0.134381145,-0.135138363,-0.125800669
1,0.547940433,0.450801492,0.367214262,0.353377849,0.383007944,0.362343162,0.31658265,0.292531431,0.274588287,0.432070464,0.43285203,0.427858084,0.423258722,0.496561557,0.467227578,0.443878531,0.434514701,0.550658286,0.51195848,0.489558339,0.480703235,0.83436054,0.826687455,0.757191241,0.679274976,0.605649889,0.498456448,0.36197859,0.275465846,0.196723908,0.474863648,0.291137546,0.178339481,0.083571285,0.498103559,0.423915237,0.547044396,0.6384179,0.552070498,0.519043922,0.609915912,0.683869123,1.30E-06,-0.036567263,-0.065824598,-0.09928295,-0.130879357,-0.039158449,-0.074345969,-0.096068352,-0.111248694,-0.054956,-0.097811341,-0.123565473,-0.136141598,-0.075149618,-0.138996765,-0.146910876,-0.134071112,-0.097571991,-0.146719784,-0.143828198,-0.129724801
1,0.626155496,0.538099647,0.480959028,0.490165532,0.533993125,0.506443083,0.477697551,0.463555336,0.457128525,0.579107463,0.602439702,0.620658457,0.639630854,0.641270757,0.651915014,0.613628507,0.587740183,0.688644648,0.686946571,0.649968266,0.621606886,0.844585776,0.800835967,0.712442279,0.638190567,0.5853315,0.471424788,0.32325393,0.22747466,0.1398471,0.47259897,0.299389124,0.185751319,0.085680008,0.519263387,0.432744861,0.555589974,0.644970059,0.593168318,0.541303992,0.620799184,0.686244488,1.29E-06,-0.046390656,-0.08283174,-0.122822665,-0.160384849,-0.052973535,-0.099505395,-0.129190281,-0.149471164,-0.069106184,-0.121182941,-0.151479036,-0.167678729,-0.090636984,-0.162072495,-0.16615203,-0.150158256,-0.115769967,-0.170718908,-0.165425405,-0.149227276
1,0.696025193,0.622317076,0.576096237,0.593813062,0.629077137,0.582351625,0.553242028,0.540047586,0.534609258,0.648506641,0.662557065,0.675240099,0.688544929,0.705195546,0.720559061,0.691521585,0.670122266,0.749520123,0.749619484,0.720625877,0.696713209,0.863533437,0.832476735,0.763094187,0.691523612,0.627031624,0.532549083,0.404559314,0.322891295,0.246424317,0.524935246,0.372827679,0.277413309,0.192750335,0.56113857,0.480118513,0.590009332,0.670433223,0.62395072,0.580401242,0.653199255,0.712849975,1.10E-06,-0.047630459,-0.082728423,-0.119122937,-0.152421415,-0.048371423,-0.088752985,-0.115265839,-0.134061009,-0.058991183,-0.104045287,-0.131822631,-0.147826254,-0.075154178,-0.137766436,-0.142158419,-0.129602551,-0.095039673,-0.14532201,-0.143009111,-0.130529463
1,0.695805609,0.629502356,0.579043925,0.579949617,0.593967259,0.559963584,0.521629214,0.49994725,0.48510623,0.611889303,0.60662812,0.600255549,0.597621143,0.660796225,0.65891993,0.646515846,0.639171302,0.705627143,0.694110692,0.681373596,0.671982646,0.824957252,0.816563845,0.756993055,0.6867311,0.624375343,0.571518838,0.477105409,0.417166412,0.361336589,0.553991377,0.42360121,0.345936865,0.280386209,0.570958972,0.494406521,0.589079201,0.658209741,0.609990895,0.562059343,0.629164159,0.683597028,7.94E-07,-0.032768611,-0.055145748,-0.079668,-0.102073163,-0.026110629,-0.052426051,-0.069243535,-0.081238382,-0.035649858,-0.067467712,-0.086629406,-0.096849337,-0.049789738,-0.098440297,-0.101323329,-0.090372458,-0.066227376,-0.104634136,-0.101086982,-0.089937821
1,0.655719817,0.594528675,0.554805517,0.552427948,0.561435759,0.555900514,0.528123498,0.515980899,0.509228408,0.598747253,0.605783224,0.604382157,0.605846345,0.636785924,0.624264657,0.603627026,0.594294548,0.669395208,0.649051845,0.628764749,0.617619812,0.797746122,0.781704843,0.717831612,0.656761229,0.606306612,0.564219773,0.48204726,0.429107606,0.380518943,0.555343688,0.441264659,0.374873221,0.320171028,0.57541132,0.506679535,0.580522954,0.635606527,0.612549841,0.560117006,0.612543583,0.661269844,6.98E-07,-0.021997198,-0.037475046,-0.056417167,-0.074142337,-0.016491182,-0.035592526,-0.048220463,-0.057728808,-0.026471319,-0.051687289,-0.068244196,-0.077460267,-0.039760537,-0.077436186,-0.081407003,-0.074058592,-0.054565184,-0.083397269,-0.081088841,-0.073107496
1,0.524426281,0.457115889,0.413390905,0.402026415,0.421818793,0.445797414,0.434127361,0.432675868,0.434429437,0.49066925,0.517666519,0.52637279,0.532959402,0.525761724,0.499119133,0.466339588,0.452236176,0.548936903,0.510243893,0.479558408,0.46527797,0.771447957,0.744426787,0.662102342,0.595898509,0.545924008,0.498906851,0.395742655,0.33470878,0.282023847,0.500529706,0.373498678,0.296277255,0.235099494,0.529612541,0.455374867,0.523285151,0.576107681,0.57396543,0.520279408,0.571839631,0.620352924,9.08E-07,-0.020011853,-0.035104807,-0.055125065,-0.07282383,-0.006954615,-0.02332692,-0.032928653,-0.040290568,-0.019834252,-0.043748837,-0.058819406,-0.066032134,-0.036836151,-0.076535352,-0.081648171,-0.073442131,-0.055319138,-0.086700238,-0.086348884,-0.079005815
1,0.419076145,0.342694432,0.289520741,0.268494844,0.281509697,0.334766895,0.315976739,0.310200751,0.310375601,0.382617146,0.400588959,0.406115025,0.41068849,0.420957685,0.359451771,0.320583671,0.308962107,0.446277767,0.388035655,0.352297127,0.338386506,0.820989966,0.787213266,0.708947122,0.653940856,0.599212527,0.524084449,0.406754792,0.337725073,0.275569648,0.522729039,0.383483946,0.295916855,0.219449788,0.556017697,0.497216284,0.583797336,0.645234525,0.614342153,0.568684936,0.629051089,0.681709468,1.03E-06,-0.019449113,-0.038534638,-0.063495412,-0.085555635,-0.018189758,-0.042448878,-0.055487551,-0.064197533,-0.034376692,-0.065611623,-0.08130718,-0.087145612,-0.054145139,-0.101591259,-0.101587698,-0.086745471,-0.075667337,-0.111151762,-0.106453136,-0.093927622
1,0.510442257,0.425120264,0.346304774,0.312315166,0.328450024,0.337656021,0.288484633,0.264091551,0.246110871,0.393544644,0.382945269,0.369180948,0.357428104,0.448701054,0.396035999,0.37919867,0.378370255,0.497229069,0.439360768,0.422948182,0.422963083,0.838948131,0.835872293,0.773180842,0.71138072,0.642220497,0.552951097,0.439692467,0.368244648,0.303822011,0.531549275,0.368547231,0.272880346,0.194503635,0.547544003,0.486567229,0.590242863,0.662607551,0.588581681,0.552865446,0.632132173,0.694903672,1.08E-06,-0.029931998,-0.052431196,-0.080014415,-0.104717523,-0.016480388,-0.041255035,-0.056030303,-0.06660708,-0.03120932,-0.064534292,-0.084893271,-0.093490005,-0.051096793,-0.105852731,-0.112131655,-0.099016167,-0.072968841,-0.113076858,-0.109372459,-0.096392304
1,0.724193335,0.65191865,0.582720101,0.585135877,0.597889543,0.504891634,0.432482958,0.387990296,0.352559865,0.565682352,0.527304173,0.505264282,0.485721856,0.63228339,0.629072726,0.649069667,0.662676334,0.697198927,0.692947507,0.701414704,0.706574798,0.848694563,0.868812978,0.83091867,0.744976699,0.656604648,0.598937571,0.489428878,0.416077912,0.345837176,0.543155074,0.39110738,0.289732784,0.200584531,0.538260937,0.464335442,0.588798344,0.679098725,0.566357315,0.548344612,0.640570283,0.708427429,1.22E-06,-0.062858284,-0.10225223,-0.139659211,-0.172499716,-0.05905718,-0.103882253,-0.131842151,-0.151269257,-0.064201236,-0.114952698,-0.144318879,-0.159599364,-0.076765575,-0.150700331,-0.157955408,-0.143428624,-0.094149247,-0.156593904,-0.15944165,-0.147643879
1,0.249098033,0.308008045,0.342479765,0.31681025,0.281423032,0.360623211,0.403004378,0.425387323,0.440184474,0.308920443,0.318873733,0.322317123,0.322201818,0.261162341,0.253773689,0.267509073,0.278214395,0.218051881,0.221796632,0.236855358,0.249170214,0.804699659,0.789149284,0.730875611,0.669876993,0.611966252,0.567860782,0.471437871,0.411313474,0.352054596,0.546649992,0.419017851,0.341417581,0.272141099,0.566581309,0.497813791,0.583163202,0.645163476,0.614236772,0.592480123,0.65878582,0.710667193,7.21E-07,-0.038871754,-0.057990443,-0.076933958,-0.093479633,-0.028539989,-0.05943979,-0.079249218,-0.092326745,-0.034197595,-0.071308777,-0.094502918,-0.105363704,-0.044369299,-0.103322163,-0.115277804,-0.106476597,-0.056706034,-0.110722192,-0.117090791,-0.108531363
1,0.298789769,0.360538989,0.4001517,0.379937351,0.342012018,0.422138125,0.468574971,0.495278001,0.51450187,0.369367957,0.380751789,0.388011396,0.391244262,0.318404466,0.318403393,0.333591968,0.341740012,0.272787511,0.286108464,0.303719312,0.314211488,0.74963814,0.734642982,0.671468377,0.607284784,0.546195328,0.508348823,0.411498576,0.350457251,0.290938258,0.485751271,0.354618311,0.274145126,0.201893121,0.503152609,0.437599897,0.521401167,0.58243829,0.545832157,0.529222071,0.595621169,0.647590697,7.67E-07,-0.038890585,-0.05920684,-0.079920955,-0.098116979,-0.02993853,-0.062333133,-0.083511047,-0.097460046,-0.036267199,-0.076335803,-0.102204233,-0.114796497,-0.046774227,-0.107265905,-0.119771853,-0.111120619,-0.059494182,-0.112412244,-0.118059717,-0.109283924
1,0.355659753,0.420073986,0.464871824,0.44813776,0.413193315,0.488648891,0.537945628,0.568171859,0.59082365,0.43592754,0.449930519,0.459522128,0.465818346,0.384065062,0.388047665,0.401181698,0.408150971,0.337969899,0.354882896,0.375380337,0.389154017,0.749119937,0.735935986,0.673864961,0.61083436,0.552148283,0.504892945,0.410736293,0.350444704,0.292152405,0.478211671,0.346929193,0.2656551,0.194275528,0.491995335,0.430334836,0.508963764,0.569348216,0.532950759,0.529133379,0.596936941,0.651044667,7.53E-07,-0.03546619,-0.052859962,-0.071003512,-0.086561263,-0.026252728,-0.057624299,-0.078564942,-0.092319772,-0.03360391,-0.071780652,-0.097415276,-0.110078722,-0.044927426,-0.103414685,-0.11789225,-0.111173645,-0.058421537,-0.111022137,-0.119409867,-0.112579405
1,0.430664003,0.497182429,0.549057484,0.547769189,0.518299758,0.579922259,0.633659482,0.665823936,0.692068994,0.526480138,0.54399842,0.557341754,0.568528712,0.472143233,0.490508258,0.501031458,0.504497826,0.424576163,0.45052889,0.470083207,0.481681973,0.747407436,0.736912251,0.685616374,0.623128653,0.559986711,0.506208658,0.409067869,0.348793924,0.290696979,0.476819277,0.341354042,0.256992429,0.183517843,0.487941355,0.427779436,0.520299137,0.589842677,0.528375804,0.529370666,0.599844992,0.654777646,7.66E-07,-0.036050554,-0.057528775,-0.081112541,-0.101504534,-0.027758105,-0.062949926,-0.086223595,-0.10102351,-0.036936153,-0.080683358,-0.108568914,-0.121771947,-0.050217144,-0.113808043,-0.126455948,-0.116466157,-0.065857679,-0.120396495,-0.127895042,-0.11932452
1,0.451823384,0.521789908,0.578559756,0.557591021,0.515994132,0.596726477,0.647759497,0.679828048,0.704000592,0.532963693,0.537655175,0.542624712,0.544166028,0.475640655,0.481914729,0.499016762,0.506759584,0.42778483,0.450228184,0.471543342,0.485491574,0.76210314,0.758777201,0.701548636,0.632812142,0.566308618,0.496508777,0.374222577,0.303802282,0.233185768,0.467351526,0.308899015,0.213257611,0.128202945,0.483149499,0.442237675,0.547228932,0.620381653,0.527860999,0.557591558,0.641512871,0.699002326,8.80E-07,-0.049648635,-0.076127745,-0.102151282,-0.1243283,-0.045542553,-0.087481894,-0.111493781,-0.125286788,-0.050327595,-0.101596236,-0.131316841,-0.142773643,-0.059896607,-0.134071991,-0.150408074,-0.138776541,-0.072757684,-0.134709999,-0.145106316,-0.136126548
2,0.406175643,0.475230694,0.544707716,0.595445752,0.638019025,0.535704672,0.58740598,0.615612626,0.636862576,0.499500215,0.533621907,0.551837564,0.563723385,0.460508466,0.476789415,0.485272676,0.492602021,0.417864859,0.409750402,0.406060904,0.405722916,0.732427359,0.744407177,0.716008604,0.673345685,0.654576242,0.558938384,0.493834853,0.446762741,0.403417408,0.52110678,0.428868711,0.36911422,0.318541437,0.510754645,0.418980598,0.358664036,0.305126369,0.522413909,0.453013837,0.406382501,0.362493634,5.50E-07,-0.040956542,-0.057826795,-0.070435569,-0.08176136,-0.033106748,-0.05249102,-0.068578348,-0.08110144,-0.028177714,-0.044551738,-0.058646049,-0.068991765,-0.027803386,-0.045720756,-0.059709709,-0.069300219,-0.031398818,-0.050128654,-0.059891667,-0.065470167
2,0.409322172,0.487616926,0.562439978,0.616776347,0.663921058,0.534172297,0.585557401,0.61464411,0.63654393,0.491375357,0.522201538,0.536621809,0.543771505,0.446386814,0.456024438,0.459140092,0.46071294,0.398491651,0.380422533,0.370491177,0.364589155,0.736268759,0.740847468,0.704031706,0.653716028,0.623549104,0.525874853,0.443841785,0.385670692,0.330367416,0.487776041,0.378257871,0.305911183,0.243550509,0.482184231,0.375704706,0.302331924,0.237112671,0.502990484,0.424546689,0.369826615,0.318282396,6.78E-07,-0.04959188,-0.072494127,-0.090003602,-0.106530264,-0.049154568,-0.076113962,-0.097250864,-0.11314591,-0.043627281,-0.066381052,-0.084973596,-0.098674491,-0.042867418,-0.066497579,-0.084329486,-0.096525073,-0.046592273,-0.07019794,-0.082524695,-0.089707956
2,0.506427646,0.594632924,0.680641532,0.74954313,0.808510661,0.65889889,0.718712032,0.754792213,0.7830652,0.610245347,0.646491647,0.668084383,0.681560576,0.558381081,0.569783032,0.575120032,0.579708219,0.504384339,0.484198064,0.471914828,0.46392408,0.721051097,0.724073887,0.681582808,0.636295974,0.612813473,0.489371538,0.394902259,0.330312401,0.269784093,0.445618957,0.321818054,0.241388917,0.171319097,0.437630951,0.316796482,0.233572781,0.15990752,0.459395975,0.369457245,0.306015074,0.246243119,7.71E-07,-0.051306602,-0.076948076,-0.098131768,-0.118952431,-0.052992843,-0.084833436,-0.109312356,-0.127540037,-0.050268926,-0.077493317,-0.099209756,-0.115066104,-0.052791007,-0.080521584,-0.101002268,-0.114896126,-0.060115859,-0.087792531,-0.10222391,-0.110644683
2,0.578577042,0.668378472,0.768278182,0.848665774,0.911337614,0.783711612,0.858875155,0.90175581,0.936780691,0.739949107,0.794974446,0.830109119,0.855498374,0.688598037,0.719484985,0.739222884,0.756963015,0.631952524,0.629465222,0.62977457,0.635067701,0.692849874,0.720949769,0.700712919,0.674645066,0.668097019,0.510122836,0.431909859,0.376813352,0.324957132,0.452855736,0.341352403,0.267531186,0.20242992,0.429872036,0.316048145,0.241112828,0.174143285,0.435126096,0.344544053,0.282277882,0.223876178,6.78E-07,-0.046969909,-0.067551963,-0.084214158,-0.100414932,-0.043457162,-0.070713848,-0.092521362,-0.109371141,-0.041210596,-0.064768992,-0.085576698,-0.101260327,-0.044161566,-0.069037274,-0.088610135,-0.102450177,-0.051717933,-0.077504404,-0.091582388,-0.100010574
2,0.490209818,0.56568712,0.648738384,0.715239465,0.768221498,0.664565623,0.730682969,0.769167066,0.80092752,0.629505813,0.681275785,0.713559449,0.738210082,0.586366296,0.61645478,0.635672688,0.653645277,0.536921203,0.536696374,0.539511621,0.546294749,0.653521538,0.685187697,0.670900106,0.643289924,0.633226454,0.503864288,0.438870817,0.393100321,0.349755704,0.452291906,0.359995157,0.299580991,0.246691078,0.429409415,0.332681805,0.269226313,0.214180738,0.430959374,0.353443265,0.301123798,0.253399193,5.71E-07,-0.041160226,-0.058863111,-0.073137365,-0.086878374,-0.038533993,-0.063535884,-0.082760632,-0.097114094,-0.036204651,-0.057369877,-0.074561194,-0.08710932,-0.038430061,-0.060068909,-0.075167157,-0.085639678,-0.044764441,-0.066688918,-0.077423044,-0.08347021
2,0.408011198,0.478251994,0.549315691,0.602930188,0.644387484,0.550985396,0.601379037,0.63080883,0.654506624,0.517339408,0.555019796,0.577647507,0.594271481,0.478749871,0.497719288,0.509227335,0.519815147,0.435461134,0.427771688,0.425088137,0.426681757,0.650332212,0.670618713,0.64845562,0.618497729,0.609840572,0.489610642,0.425369263,0.382053643,0.342788637,0.450039625,0.362982839,0.306136072,0.256850004,0.435797274,0.346912384,0.288518012,0.23740381,0.443564177,0.374945998,0.327937722,0.284503818,4.84E-07,-0.033704843,-0.046498999,-0.056940638,-0.066869244,-0.025107441,-0.043205831,-0.058771629,-0.07084462,-0.023435673,-0.038553428,-0.052787505,-0.063332595,-0.025963323,-0.042988461,-0.057197001,-0.067063823,-0.032019231,-0.050434556,-0.060436305,-0.066264205
2,0.390715927,0.455030113,0.506867588,0.542630792,0.579004407,0.456929833,0.479890078,0.490449727,0.496977448,0.415034145,0.417699486,0.417704225,0.415633768,0.37738952,0.364797771,0.35580045,0.349312842,0.344091684,0.312630415,0.293671787,0.280440897,0.690674305,0.677373827,0.629997075,0.579601824,0.552589715,0.492705822,0.410718828,0.356025845,0.306753576,0.476744741,0.380937576,0.31809485,0.26598525,0.486713409,0.398099571,0.340690702,0.290651917,0.518116772,0.463798821,0.423937827,0.384406835,5.16E-07,-0.038696401,-0.057058897,-0.071902692,-0.086780787,-0.040415235,-0.062169787,-0.078702576,-0.09158586,-0.037439939,-0.056593619,-0.072240084,-0.084148638,-0.038174115,-0.058284864,-0.073856004,-0.084857613,-0.042427611,-0.063327998,-0.075488791,-0.083128624
2,0.396358639,0.448680848,0.482838482,0.511392653,0.545878589,0.416327983,0.423496425,0.424316525,0.421347857,0.375528872,0.363006502,0.351444215,0.338552147,0.342375338,0.315885603,0.297198325,0.281340986,0.317519307,0.278851926,0.253701389,0.233600944,0.677635312,0.64341414,0.585918784,0.531497538,0.498942256,0.470554203,0.388515145,0.33509773,0.287958086,0.468652666,0.378633976,0.322080076,0.276023626,0.490558714,0.414160937,0.365303874,0.32135722,0.531588495,0.49397707,0.466831684,0.437628806,5.64E-07,-0.036721822,-0.055900618,-0.072121024,-0.087947778,-0.036885291,-0.057940975,-0.074391,-0.086944781,-0.034370694,-0.052321844,-0.066323958,-0.076368414,-0.035489224,-0.053550486,-0.066923402,-0.07590539,-0.040101036,-0.057771496,-0.066938035,-0.072223686
2,0.399910659,0.45317179,0.480210006,0.503253698,0.540015697,0.369490623,0.357877672,0.346439332,0.333236039,0.320205212,0.284462214,0.256086588,0.229979575,0.287479162,0.237448305,0.205344826,0.178775877,0.270155758,0.214032456,0.17729032,0.146609649,0.618087471,0.556787252,0.477696091,0.40261659,0.34998399,0.369008541,0.266250372,0.201126739,0.144491762,0.383651316,0.284757316,0.222731888,0.17186667,0.424757183,0.35016793,0.301242679,0.25527519,0.485988647,0.468960047,0.45272693,0.429923713,7.35E-07,-0.050361637,-0.077311575,-0.099560812,-0.121267714,-0.054503035,-0.083025984,-0.1044183,-0.120518938,-0.049107105,-0.072052956,-0.089069359,-0.10171783,-0.048505764,-0.071741521,-0.089331895,-0.10171207,-0.052621849,-0.075870082,-0.088895477,-0.097069509
2,0.437753379,0.503382206,0.537572205,0.563667774,0.610297441,0.392428398,0.372127563,0.354457885,0.336730421,0.333646059,0.281396121,0.244544834,0.211853772,0.297288954,0.227804556,0.185487792,0.15146485,0.282332689,0.208317086,0.160577491,0.11934118,0.67407465,0.598280668,0.504763663,0.418943197,0.346718699,0.37885344,0.253501356,0.174337342,0.104868263,0.401272953,0.282815099,0.209009349,0.145941347,0.454275995,0.370229065,0.31182301,0.254244149,0.5296579,0.515309572,0.499944448,0.474533916,8.60E-07,-0.062726341,-0.100972801,-0.133635879,-0.165922061,-0.074136317,-0.113678403,-0.141724706,-0.162645653,-0.069778271,-0.102922626,-0.125463188,-0.142136008,-0.071257338,-0.105778739,-0.128979743,-0.144613892,-0.078225881,-0.112773761,-0.130719185,-0.141677901
2,0.511776447,0.609217525,0.695296645,0.767469406,0.842160821,0.616515636,0.662034392,0.685722053,0.702731073,0.552314878,0.562509179,0.564088762,0.561324835,0.49446553,0.473460704,0.462940425,0.4560332,0.444901049,0.391336918,0.358042359,0.330754906,0.734838247,0.722984791,0.67350173,0.624938548,0.606802583,0.45793283,0.330425173,0.24533242,0.169271052,0.43312189,0.28410393,0.185335577,0.10170415,0.449927956,0.314423293,0.226832613,0.146597624,0.500689507,0.426609486,0.374430239,0.320994407,9.10E-07,-0.063500062,-0.102086462,-0.135711774,-0.170395061,-0.080634147,-0.122234553,-0.150725737,-0.171116531,-0.076943584,-0.110407487,-0.132869259,-0.14972426,-0.078666776,-0.111355625,-0.13343282,-0.149245083,-0.086264841,-0.11891713,-0.134641171,-0.144298583
2,0.64216876,0.740572929,0.849780858,0.937963545,1.009693503,0.827097237,0.907732189,0.952745378,0.988107681,0.762378991,0.810580075,0.838284373,0.857140422,0.698014379,0.710791886,0.72262305,0.736050487,0.634358644,0.601628482,0.580568552,0.567615986,0.747350872,0.76137352,0.741097629,0.726617455,0.728493035,0.502256036,0.397093832,0.325927496,0.261722505,0.448742539,0.31237027,0.221341074,0.144420773,0.440555751,0.306350708,0.220168203,0.142553866,0.469924062,0.38100034,0.315079033,0.251301229,9.28E-07,-0.061670039,-0.094842531,-0.124083795,-0.153005093,-0.062184248,-0.098508947,-0.124964014,-0.144287452,-0.05812088,-0.087816201,-0.109236307,-0.125353247,-0.060940757,-0.090051904,-0.111269578,-0.126924366,-0.070285365,-0.100759491,-0.116463564,-0.126153246
2,0.522265494,0.615571082,0.703319967,0.776436031,0.845764279,0.637458503,0.684269488,0.71358186,0.738607526,0.57368958,0.586200178,0.594890893,0.599163949,0.515215158,0.498808861,0.493872404,0.493672848,0.463671863,0.41040343,0.379893094,0.358270794,0.776335061,0.784226894,0.755577445,0.72419095,0.712023139,0.554889381,0.431427985,0.350544095,0.277435392,0.522129774,0.371620655,0.27506882,0.19464615,0.532455444,0.398835123,0.313038826,0.234780669,0.579802275,0.510797858,0.460277021,0.409153938,7.54E-07,-0.061454277,-0.098082662,-0.130006433,-0.164666668,-0.088602766,-0.131378457,-0.160952523,-0.183049664,-0.088484362,-0.121669896,-0.146859527,-0.168195084,-0.092847049,-0.12717253,-0.152403712,-0.172754318,-0.102731526,-0.138525888,-0.157370597,-0.171037704
2,0.390740156,0.465100139,0.526389956,0.578450739,0.633086562,0.450593501,0.471620053,0.483570993,0.493267268,0.395938456,0.389760047,0.384742528,0.37831533,0.350935787,0.321794629,0.306246698,0.296306968,0.316702336,0.26763916,0.236449897,0.212246343,0.863907754,0.858453751,0.8209095,0.783812284,0.761531293,0.668433249,0.565965056,0.492626727,0.427710533,0.652436018,0.529908419,0.445051312,0.374152243,0.671750069,0.561040282,0.487668633,0.420617938,0.719370365,0.669756889,0.631719828,0.590856433,6.94E-07,-0.057535592,-0.094028264,-0.1251854,-0.158162862,-0.085750364,-0.128052741,-0.157550663,-0.178718641,-0.082769148,-0.116741158,-0.140136465,-0.158403993,-0.083635293,-0.117869772,-0.140213162,-0.156490952,-0.089158297,-0.123264834,-0.139914066,-0.150898561
2,0.354665995,0.423569918,0.477169424,0.523242533,0.574682474,0.402626544,0.421356827,0.430237859,0.436401874,0.354072571,0.34941718,0.341300726,0.332606524,0.313745737,0.287717372,0.272134185,0.260878921,0.282439768,0.234497026,0.203898758,0.179542422,0.885495901,0.866702259,0.82220161,0.77726084,0.755579054,0.671547353,0.573202372,0.505737305,0.446505547,0.657919109,0.54346478,0.467846513,0.404330075,0.677269816,0.578099132,0.51099354,0.450492442,0.721942902,0.678287387,0.643660903,0.607206166,7.02E-07,-0.051371679,-0.083215334,-0.110253423,-0.137873068,-0.06881433,-0.10333506,-0.12731272,-0.144549146,-0.06487564,-0.092939191,-0.111792892,-0.125681311,-0.064876392,-0.092391655,-0.111736462,-0.125265554,-0.069252282,-0.096248306,-0.110650294,-0.119727761
2,0.412417859,0.485499233,0.5449512,0.598599553,0.656734526,0.480289906,0.511107206,0.527082264,0.539186239,0.430656552,0.438147753,0.437520295,0.43482089,0.38619858,0.370337188,0.36168927,0.3564789,0.347514719,0.304328501,0.277930588,0.257790506,0.748826146,0.734364986,0.688982904,0.64572531,0.626746178,0.517814398,0.419002295,0.350628614,0.291461766,0.496629238,0.379478276,0.302645683,0.238783032,0.510828733,0.404557884,0.336155981,0.275082111,0.553531349,0.498533636,0.457245171,0.415420204,7.51E-07,-0.055059303,-0.087346427,-0.114352532,-0.141567647,-0.068520412,-0.10334412,-0.12752898,-0.144655809,-0.062733985,-0.090402685,-0.108041391,-0.120787397,-0.061700363,-0.088717736,-0.106660053,-0.119038343,-0.065603808,-0.09230458,-0.105636448,-0.113627613
2,0.529487252,0.618505299,0.69978416,0.768001676,0.833733678,0.641345918,0.691757977,0.720274568,0.742110848,0.583166122,0.601620495,0.610519171,0.613985598,0.528462291,0.51740706,0.512410939,0.510440588,0.480144382,0.433467329,0.40536803,0.383260816,0.785144925,0.78591311,0.753911555,0.719019115,0.706258595,0.552665174,0.446590036,0.374376655,0.308007091,0.521703482,0.386627674,0.298457772,0.221916258,0.53219682,0.406564176,0.3239021,0.247361541,0.576278687,0.504686832,0.452868551,0.399959564,7.88E-07,-0.056422126,-0.090999402,-0.121507734,-0.153302625,-0.073229596,-0.11175701,-0.138492092,-0.15785104,-0.07192453,-0.103018112,-0.124265045,-0.140426576,-0.075321905,-0.106720485,-0.127470896,-0.142548352,-0.083882384,-0.115939476,-0.130881488,-0.140137747
2,0.633329868,0.720447779,0.807243228,0.882315695,0.951276898,0.767327785,0.826821327,0.859276891,0.884248853,0.705503702,0.731334567,0.745559275,0.753692091,0.645240426,0.641204834,0.640378714,0.642360806,0.590011477,0.550379515,0.525597215,0.50754869,0.802599728,0.801605642,0.765954912,0.737220645,0.733265638,0.561436653,0.458047777,0.388121337,0.325806439,0.524492323,0.3915295,0.303979635,0.229945481,0.531075895,0.402329236,0.317874551,0.240429521,0.573296249,0.496750653,0.440810382,0.382525265,8.76E-07,-0.057133131,-0.091221586,-0.121294931,-0.152452886,-0.069014788,-0.106400192,-0.132600635,-0.151605085,-0.067590311,-0.098046079,-0.119355924,-0.135344356,-0.071602777,-0.103270225,-0.125823677,-0.141943857,-0.08080446,-0.113578536,-0.129707754,-0.139588133
2,0.453436196,0.534597576,0.612620592,0.678989947,0.745234549,0.570296109,0.618710756,0.64703697,0.669605494,0.513257563,0.534501255,0.545519352,0.552027881,0.459188223,0.454434484,0.453618288,0.455982089,0.410236388,0.369190961,0.344323754,0.326955497,0.749762058,0.755932808,0.724940658,0.690595269,0.676246524,0.521731973,0.417536765,0.346397847,0.283701241,0.486827523,0.358675957,0.272880763,0.20018205,0.493013233,0.370262504,0.291109085,0.218953669,0.533958793,0.465083629,0.413529575,0.360278696,8.31E-07,-0.062154293,-0.099245019,-0.130915299,-0.162935853,-0.077137135,-0.118207671,-0.147295102,-0.16782023,-0.072317012,-0.103755638,-0.12535809,-0.141618609,-0.073116288,-0.104621686,-0.125490323,-0.140502989,-0.07962846,-0.111812353,-0.127500355,-0.137114093
2,0.356290787,0.430012077,0.491419673,0.552591801,0.613964856,0.441884756,0.481659263,0.502667785,0.519398272,0.390468627,0.408055186,0.411216438,0.411885202,0.34160766,0.332103401,0.324984521,0.322228968,0.297005236,0.251708835,0.224117249,0.206219688,0.770272911,0.761221886,0.725437164,0.684203744,0.660646081,0.510771871,0.39904213,0.316880345,0.247080714,0.477888525,0.344633371,0.253304273,0.176319867,0.485481143,0.363485008,0.281329572,0.210388243,0.526992023,0.461192101,0.411204278,0.362448633,9.89E-07,-0.074202523,-0.117719419,-0.152220652,-0.185821265,-0.088019736,-0.130523562,-0.161641017,-0.182944953,-0.074003167,-0.105278164,-0.126120567,-0.140712708,-0.06594035,-0.094367124,-0.114710994,-0.128653198,-0.064578936,-0.091834716,-0.106265061,-0.114660226
2,0.811579645,0.730315804,0.653733134,0.596553206,0.547358155,0.724971294,0.710825145,0.705010176,0.702255785,0.781388044,0.786224246,0.7907148,0.794096887,0.833068788,0.845167398,0.850919485,0.853492618,0.881542861,0.917961597,0.940019548,0.956888735,0.798299193,0.761437356,0.68581295,0.623406172,0.582346439,0.514068305,0.401986092,0.333854914,0.27602154,0.504130542,0.375807583,0.296787113,0.232612997,0.519884586,0.402307272,0.329225123,0.264485389,0.556101859,0.476733536,0.420858324,0.367638141,6.53E-07,-0.037126869,-0.057652455,-0.075194575,-0.092216931,-0.031433266,-0.052175425,-0.070364796,-0.085621223,-0.035155084,-0.052500732,-0.069011725,-0.083083808,-0.044736966,-0.068935908,-0.087592408,-0.101855591,-0.057686105,-0.082846522,-0.096765056,-0.10708639
2,0.688241005,0.604097545,0.524218261,0.463070601,0.409616083,0.601191401,0.590163469,0.584784746,0.581537664,0.659017086,0.67012471,0.677261889,0.68305552,0.709911048,0.731388509,0.741532862,0.74852109,0.754958987,0.803825319,0.836065292,0.862317562,0.760752797,0.720755875,0.64077729,0.586629331,0.56210649,0.469768256,0.35092628,0.277150929,0.212370157,0.460104018,0.324739784,0.241443157,0.169071496,0.478878677,0.352011293,0.273232371,0.202623069,0.521985769,0.441850156,0.383991003,0.328752697,7.26E-07,-0.035094768,-0.056766242,-0.075901374,-0.096388996,-0.042381905,-0.067119673,-0.087474056,-0.104416586,-0.048555553,-0.070070341,-0.089659974,-0.1063575,-0.059234269,-0.08804401,-0.110902853,-0.128157943,-0.072414763,-0.103423543,-0.120570183,-0.132791653
2,0.563107967,0.480833977,0.412157953,0.359232366,0.311055571,0.512206852,0.520639479,0.52662003,0.535273671,0.571113825,0.603954315,0.624389648,0.64367795,0.617778778,0.661862791,0.685162604,0.7056849,0.653323472,0.717607081,0.760462523,0.798005939,0.727028668,0.666970849,0.576000929,0.51454252,0.477265865,0.43233031,0.314477593,0.239279628,0.173526853,0.437602311,0.310182631,0.228486478,0.158938348,0.470116735,0.359525472,0.284652323,0.215572774,0.527026594,0.474495947,0.433800042,0.392505109,7.52E-07,-0.030602511,-0.051505785,-0.071274132,-0.093344003,-0.043007292,-0.069073826,-0.089099854,-0.105964847,-0.05271665,-0.075203165,-0.095708244,-0.113801271,-0.066354297,-0.097757682,-0.123028249,-0.142735183,-0.081888422,-0.117406942,-0.137231931,-0.151523069
2,0.45700711,0.366471231,0.285153359,0.219401926,0.161796942,0.339360893,0.316894889,0.304525673,0.294594616,0.395466864,0.40030995,0.399775326,0.399068832,0.445604384,0.464741826,0.470265955,0.473940313,0.488404959,0.532361269,0.558916807,0.580825984,0.776247263,0.751274109,0.689223111,0.650586009,0.63234973,0.49814713,0.37888658,0.303102553,0.238331228,0.483580321,0.343625784,0.253968686,0.179484963,0.501507401,0.368365109,0.28320384,0.206419796,0.547499716,0.468345314,0.409074128,0.351185471,8.12E-07,-0.033090912,-0.056715224,-0.078193918,-0.101773888,-0.043777432,-0.070649862,-0.092338793,-0.109938867,-0.053621475,-0.077101983,-0.09931469,-0.117160693,-0.067519993,-0.098206714,-0.123903036,-0.142993629,-0.083376907,-0.117422797,-0.135671586,-0.148019925
2,0.584677219,0.487345427,0.380868077,0.297685832,0.230336457,0.355447024,0.281615824,0.239893571,0.206325069,0.399644077,0.339155763,0.303656012,0.275974631,0.453953207,0.411087126,0.382324219,0.355538309,0.515937924,0.522498667,0.524499357,0.521646738,0.774178863,0.816449404,0.816413641,0.829622686,0.853135645,0.5862481,0.498140454,0.43926248,0.38760215,0.525465429,0.403367996,0.32586661,0.260837168,0.496761143,0.3724069,0.297400385,0.229734182,0.495760322,0.39355725,0.322230548,0.253551275,7.40E-07,-0.038032774,-0.057820365,-0.075475104,-0.093566187,-0.025851144,-0.045405481,-0.063501887,-0.07956066,-0.031156356,-0.046982899,-0.065338485,-0.081303582,-0.042991139,-0.070320286,-0.094775259,-0.113167286,-0.058108136,-0.090544119,-0.109916091,-0.123437993
2,0.770795882,0.6769647,0.581553459,0.501678586,0.434848368,0.628930748,0.581196427,0.554276109,0.534747243,0.687866032,0.660067499,0.646490455,0.638445854,0.749624968,0.743699074,0.740066648,0.736418009,0.81326282,0.85431242,0.878991723,0.899105668,0.77398783,0.752995014,0.708094597,0.677183688,0.665190876,0.479972124,0.35391885,0.273785949,0.204547495,0.445064813,0.294797003,0.201893896,0.123887867,0.447976708,0.301671565,0.214392632,0.13892588,0.482735038,0.386990458,0.319620609,0.257855654,7.27E-07,-0.044545092,-0.072935738,-0.098629721,-0.124962173,-0.046870064,-0.075919881,-0.099237829,-0.118087679,-0.052639566,-0.075775161,-0.096548654,-0.113791205,-0.064547315,-0.097410016,-0.122050509,-0.140319556,-0.080182798,-0.117211841,-0.13650088,-0.149298221
2,0.727437973,0.647942364,0.573239326,0.509925485,0.453253984,0.668755174,0.662904918,0.663667083,0.666239083,0.73142761,0.751201689,0.767276585,0.782302499,0.7842291,0.819100678,0.841007829,0.85999459,0.828203797,0.891634643,0.935158312,0.973540246,0.839787483,0.783903837,0.692526937,0.632517099,0.596966386,0.51940614,0.398092628,0.323168784,0.258828133,0.517131031,0.382405162,0.299824685,0.233113945,0.547266543,0.427902937,0.349902689,0.279163301,0.603304565,0.544322252,0.497436136,0.449190259,6.64E-07,-0.038208976,-0.061329193,-0.082306482,-0.104432777,-0.03910907,-0.062964387,-0.082782678,-0.099805668,-0.045280512,-0.065151475,-0.08400315,-0.100815788,-0.057233021,-0.088615976,-0.114310473,-0.133823991,-0.072090954,-0.107698947,-0.128781825,-0.143922046
2,0.662380159,0.596434772,0.534584701,0.483994961,0.439939409,0.611790061,0.607299805,0.605264008,0.605626166,0.660180569,0.677067935,0.686616182,0.695329368,0.702218056,0.733266592,0.74752754,0.760210872,0.736222029,0.786434114,0.818373919,0.84631753,0.805471539,0.757889152,0.684570372,0.634731114,0.604208827,0.556496739,0.457872093,0.395860404,0.345154673,0.555326402,0.447216213,0.379256457,0.324820399,0.576948583,0.4818663,0.419435143,0.363939613,0.619353771,0.574526727,0.537165999,0.499876589,5.34E-07,-0.024895068,-0.039985523,-0.054589234,-0.070224531,-0.024971623,-0.042355772,-0.056280073,-0.068411626,-0.031989906,-0.047014434,-0.061299011,-0.073657632,-0.043153897,-0.066207476,-0.084777981,-0.098925032,-0.056245085,-0.082635917,-0.097504467,-0.107989348
2,0.618489027,0.551833153,0.487374932,0.437701344,0.394827724,0.542859972,0.533311844,0.529849052,0.527293086,0.589986205,0.600774705,0.605960429,0.60963434,0.631875396,0.655136406,0.665826321,0.67441839,0.667678416,0.710529327,0.737146616,0.759576678,0.754765749,0.723187685,0.655288458,0.610490739,0.59508431,0.510339677,0.413026571,0.352609128,0.302715421,0.503031909,0.393246979,0.325081944,0.270863354,0.519258857,0.417206794,0.354197323,0.298891336,0.556027293,0.49874422,0.456314772,0.415002286,5.89E-07,-0.024524363,-0.037741132,-0.04979746,-0.062762685,-0.02345169,-0.038986988,-0.052513193,-0.064438917,-0.029615223,-0.043794941,-0.058047984,-0.06979268,-0.039615236,-0.061027061,-0.079724759,-0.093466267,-0.051405791,-0.076232076,-0.090575889,-0.100289777
2,0.544495344,0.469069898,0.392429918,0.331172764,0.281248271,0.43759957,0.415314138,0.403720856,0.395236075,0.486927003,0.484998494,0.481203914,0.478209883,0.532943189,0.545285583,0.546701968,0.547305584,0.574022114,0.61197257,0.634122252,0.652370811,0.75908047,0.739133179,0.687128365,0.654059529,0.640445411,0.516337276,0.414927304,0.350883275,0.296634912,0.496690184,0.377943426,0.303947568,0.244797498,0.50399214,0.395043731,0.324265003,0.26112625,0.535073578,0.46778366,0.416723281,0.366910368,6.60E-07,-0.030671231,-0.048073705,-0.063494295,-0.079788134,-0.030181069,-0.048835993,-0.064596966,-0.078241251,-0.035531417,-0.051918346,-0.068601459,-0.082597069,-0.045341752,-0.069263831,-0.091087379,-0.107507244,-0.057451565,-0.084871143,-0.101790413,-0.113722689
2,0.649014056,0.562996507,0.478527486,0.407820851,0.346169412,0.522366345,0.489502043,0.470880896,0.457173705,0.577670932,0.565538347,0.557885647,0.553295732,0.632708967,0.6365183,0.635785639,0.635607362,0.685261011,0.726006508,0.75016892,0.77033937,0.782412291,0.764718413,0.71712029,0.686401546,0.680294216,0.507811964,0.394425154,0.320240557,0.259762913,0.483278036,0.349753618,0.266680926,0.197774976,0.491182506,0.364513278,0.285814643,0.215607703,0.528160036,0.449744105,0.39033255,0.33272168,8.00E-07,-0.041558757,-0.068295687,-0.092863053,-0.118067473,-0.036633097,-0.059972566,-0.079309627,-0.095745035,-0.041989435,-0.060672022,-0.078750223,-0.094060019,-0.05360822,-0.081384651,-0.103736937,-0.120630547,-0.06889914,-0.100411072,-0.118102796,-0.130418926
